0x817034C5298D186BE15E57E684B2CEA2C0A3086E099EE86BC76B22D4C6BC256D,2014-04-30,701,false
0x817034C5298D186BE15E57E684B2CEA2C0A3086E099EE86BC76B22D4C6BC256D,2014-04-30,711,false
0x817034C5298D186BE15E57E684B2CEA2C0A3086E099EE86BC76B22D4C6BC256D,2014-04-30,721,false
0x817034C5298D186BE15E57E684B2CEA2C0A3086E099EE86BC76B22D4C6BC256D,2014-04-30,731,false
0x817034C5298D186BE15E57E684B2CEA2C0A3086E099EE86BC76B22D4C6BC256D,2014-04-30,741,true
0x817034C5298D186BE15E57E684B2CEA2C0A3086E099EE86BC76B22D4C6BC256D,2014-04-30,751,true
0x817034C5298D186BE15E57E684B2CEA2C0A3086E099EE86BC76B22D4C6BC256D,2014-04-30,761,true
0x817034C5298D186BE15E57E684B2CEA2C0A3086E099EE86BC76B22D4C6BC256D,2014-04-30,771,true
0x817034C5298D186BE15E57E684B2CEA2C0A3086E099EE86BC76B22D4C6BC256D,2014-04-30,781,false
0x817034C5298D186BE15E57E684B2CEA2C0A3086E099EE86BC76B22D4C6BC256D,2014-04-30,791,false
0xAFAF3A868730E8993FB17CFC59EF2C0568DE1DF40D09CA829ABDCB074EB9CF3F,2012-08-04,101,false
0xAFAF3A868730E8993FB17CFC59EF2C0568DE1DF40D09CA829ABDCB074EB9CF3F,2012-08-04,121,true
0xAFAF3A868730E8993FB17CFC59EF2C0568DE1DF40D09CA829ABDCB074EB9CF3F,2012-08-04,131,true
0xAFAF3A868730E8993FB17CFC59EF2C0568DE1DF40D09CA829ABDCB074EB9CF3F,2012-08-04,141,false
0xAFAF3A868730E8993FB17CFC59EF2C0568DE1DF40D09CA829ABDCB074EB9CF3F,2012-08-04,151,false
0xAFAF3A868730E8993FB17CFC59EF2C0568DE1DF40D09CA829ABDCB074EB9CF3F,2012-08-04,161,true
0xAFAF3A868730E8993FB17CFC59EF2C0568DE1DF40D09CA829ABDCB074EB9CF3F,2012-08-04,171,true
0xAFAF3A868730E8993FB17CFC59EF2C0568DE1DF40D09CA829ABDCB074EB9CF3F,2012-08-04,181,false
0xAFAF3A868730E8993FB17CFC59EF2C0568DE1DF40D09CA829ABDCB074EB9CF3F,2012-08-04,191,false
0x445EC0600025112A877986E6C2FCE2421AAB085783858897C23DB78FECF1AB04,2012-11-18,257,false
0x445EC0600025112A877986E6C2FCE2421AAB085783858897C23DB78FECF1AB04,2012-11-18,267,false
0x445EC0600025112A877986E6C2FCE2421AAB085783858897C23DB78FECF1AB04,2012-11-18,277,true
0x445EC0600025112A877986E6C2FCE2421AAB085783858897C23DB78FECF1AB04,2012-11-18,287,false
0x445EC0600025112A877986E6C2FCE2421AAB085783858897C23DB78FECF1AB04,2012-11-18,297,false
0x445EC0600025112A877986E6C2FCE2421AAB085783858897C23DB78FECF1AB04,2016-08-18,207,true
0x445EC0600025112A877986E6C2FCE2421AAB085783858897C23DB78FECF1AB04,2016-08-18,217,false
0x445EC0600025112A877986E6C2FCE2421AAB085783858897C23DB78FECF1AB04,2016-08-18,227,false
0x445EC0600025112A877986E6C2FCE2421AAB085783858897C23DB78FECF1AB04,2016-08-18,237,false
0x445EC0600025112A877986E6C2FCE2421AAB085783858897C23DB78FECF1AB04,2016-08-18,247,true
0x31C5E4B74E23231295FDB724AD578C02C4A723F4BA2B4AF99F129EC2F4B3AD41,2017-03-08,259,true
0x31C5E4B74E23231295FDB724AD578C02C4A723F4BA2B4AF99F129EC2F4B3AD41,2017-03-08,262,true
0x31C5E4B74E23231295FDB724AD578C02C4A723F4BA2B4AF99F129EC2F4B3AD41,2017-03-08,278,false
0x31C5E4B74E23231295FDB724AD578C02C4A723F4BA2B4AF99F129EC2F4B3AD41,2017-03-08,285,true
0x31C5E4B74E23231295FDB724AD578C02C4A723F4BA2B4AF99F129EC2F4B3AD41,2017-03-08,291,true
0x31C5E4B74E23231295FDB724AD578C02C4A723F4BA2B4AF99F129EC2F4B3AD41,2017-05-05,202,false
0x31C5E4B74E23231295FDB724AD578C02C4A723F4BA2B4AF99F129EC2F4B3AD41,2017-05-05,208,true
0x31C5E4B74E23231295FDB724AD578C02C4A723F4BA2B4AF99F129EC2F4B3AD41,2017-05-05,217,false
0x31C5E4B74E23231295FDB724AD578C02C4A723F4BA2B4AF99F129EC2F4B3AD41,2017-05-05,222,true
0x31C5E4B74E23231295FDB724AD578C02C4A723F4BA2B4AF99F129EC2F4B3AD41,2017-05-05,235,false
0x31C5E4B74E23231295FDB724AD578C02C4A723F4BA2B4AF99F129EC2F4B3AD41,2017-05-05,241,true
0x31C5E4B74E23231295FDB724AD578C02C4A723F4BA2B4AF99F129EC2F4B3AD41,2017-05-05,250,false
0x21C7A532F27E90894B0203E025508DDC71E65D8AD517C4BA9AAA8192CD1CB4DD,2015-06-12,504,false
0x21C7A532F27E90894B0203E025508DDC71E65D8AD517C4BA9AAA8192CD1CB4DD,2015-06-12,514,true
0x21C7A532F27E90894B0203E025508DDC71E65D8AD517C4BA9AAA8192CD1CB4DD,2015-06-12,524,true
0x21C7A532F27E90894B0203E025508DDC71E65D8AD517C4BA9AAA8192CD1CB4DD,2015-06-12,534,true
0x21C7A532F27E90894B0203E025508DDC71E65D8AD517C4BA9AAA8192CD1CB4DD,2015-06-12,544,true
0x21C7A532F27E90894B0203E025508DDC71E65D8AD517C4BA9AAA8192CD1CB4DD,2015-06-12,554,true
0x21C7A532F27E90894B0203E025508DDC71E65D8AD517C4BA9AAA8192CD1CB4DD,2015-06-12,564,false
0x21C7A532F27E90894B0203E025508DDC71E65D8AD517C4BA9AAA8192CD1CB4DD,2015-06-12,574,false
0x21C7A532F27E90894B0203E025508DDC71E65D8AD517C4BA9AAA8192CD1CB4DD,2015-06-12,584,true
0x21C7A532F27E90894B0203E025508DDC71E65D8AD517C4BA9AAA8192CD1CB4DD,2015-06-12,594,true
0xFBC35DC6AC1860EAD305BB1EE2462E69133BC99E5FEF32C0F611C99055E05793,2014-08-12,702,false
0xFBC35DC6AC1860EAD305BB1EE2462E69133BC99E5FEF32C0F611C99055E05793,2014-08-12,712,false
0xFBC35DC6AC1860EAD305BB1EE2462E69133BC99E5FEF32C0F611C99055E05793,2014-08-12,722,true
0xFBC35DC6AC1860EAD305BB1EE2462E69133BC99E5FEF32C0F611C99055E05793,2014-08-12,732,true
0xFBC35DC6AC1860EAD305BB1EE2462E69133BC99E5FEF32C0F611C99055E05793,2014-08-12,742,true
0xFBC35DC6AC1860EAD305BB1EE2462E69133BC99E5FEF32C0F611C99055E05793,2014-08-12,752,false
0xFBC35DC6AC1860EAD305BB1EE2462E69133BC99E5FEF32C0F611C99055E05793,2014-08-12,762,false
0xFBC35DC6AC1860EAD305BB1EE2462E69133BC99E5FEF32C0F611C99055E05793,2014-08-12,772,true
0xFBC35DC6AC1860EAD305BB1EE2462E69133BC99E5FEF32C0F611C99055E05793,2014-08-12,782,true
0xFBC35DC6AC1860EAD305BB1EE2462E69133BC99E5FEF32C0F611C99055E05793,2014-08-12,792,false
0x71568459B729F7A7ABBED6C781A84CA4274D571003ACC7A4A791C3350D924137,2017-03-08,9,true
0x71568459B729F7A7ABBED6C781A84CA4274D571003ACC7A4A791C3350D924137,2017-03-08,33,false
0x71568459B729F7A7ABBED6C781A84CA4274D571003ACC7A4A791C3350D924137,2017-03-08,76,false
0x71568459B729F7A7ABBED6C781A84CA4274D571003ACC7A4A791C3350D924137,2017-05-05,5,false
0x71568459B729F7A7ABBED6C781A84CA4274D571003ACC7A4A791C3350D924137,2017-05-05,33,true
0x71568459B729F7A7ABBED6C781A84CA4274D571003ACC7A4A791C3350D924137,2017-05-05,43,true
0x71568459B729F7A7ABBED6C781A84CA4274D571003ACC7A4A791C3350D924137,2017-05-05,57,false
0x71568459B729F7A7ABBED6C781A84CA4274D571003ACC7A4A791C3350D924137,2017-05-05,75,true
0x71568459B729F7A7ABBED6C781A84CA4274D571003ACC7A4A791C3350D924137,2017-05-05,89,false
0xC24A218407111A34D6B511DC4352DB901B4F8F488C8C6A6AE7DEC75BEEB323F0,2021-07-30,1,true
0xC24A218407111A34D6B511DC4352DB901B4F8F488C8C6A6AE7DEC75BEEB323F0,2021-07-30,11,true
0xC24A218407111A34D6B511DC4352DB901B4F8F488C8C6A6AE7DEC75BEEB323F0,2021-07-30,21,true
0xC24A218407111A34D6B511DC4352DB901B4F8F488C8C6A6AE7DEC75BEEB323F0,2021-07-30,31,false
0xC24A218407111A34D6B511DC4352DB901B4F8F488C8C6A6AE7DEC75BEEB323F0,2021-07-30,41,false
0xC24A218407111A34D6B511DC4352DB901B4F8F488C8C6A6AE7DEC75BEEB323F0,2021-07-30,51,true
0xC24A218407111A34D6B511DC4352DB901B4F8F488C8C6A6AE7DEC75BEEB323F0,2021-07-30,61,true
0xC24A218407111A34D6B511DC4352DB901B4F8F488C8C6A6AE7DEC75BEEB323F0,2021-07-30,71,false
0xC24A218407111A34D6B511DC4352DB901B4F8F488C8C6A6AE7DEC75BEEB323F0,2021-07-30,81,false
0xC24A218407111A34D6B511DC4352DB901B4F8F488C8C6A6AE7DEC75BEEB323F0,2021-07-30,91,true
0xAC9A34E59DF0DD01CA27920639109410290A47F8D513AE5FD1B2C26F953D37CE,2011-04-30,405,false
0xAC9A34E59DF0DD01CA27920639109410290A47F8D513AE5FD1B2C26F953D37CE,2011-04-30,415,false
0xAC9A34E59DF0DD01CA27920639109410290A47F8D513AE5FD1B2C26F953D37CE,2011-04-30,425,true
0xAC9A34E59DF0DD01CA27920639109410290A47F8D513AE5FD1B2C26F953D37CE,2011-04-30,435,false
0xAC9A34E59DF0DD01CA27920639109410290A47F8D513AE5FD1B2C26F953D37CE,2011-04-30,445,false
0xAC9A34E59DF0DD01CA27920639109410290A47F8D513AE5FD1B2C26F953D37CE,2011-08-30,455,true
0xAC9A34E59DF0DD01CA27920639109410290A47F8D513AE5FD1B2C26F953D37CE,2011-08-30,465,true
0xAC9A34E59DF0DD01CA27920639109410290A47F8D513AE5FD1B2C26F953D37CE,2011-08-30,475,false
0xAC9A34E59DF0DD01CA27920639109410290A47F8D513AE5FD1B2C26F953D37CE,2011-08-30,485,false
0xAC9A34E59DF0DD01CA27920639109410290A47F8D513AE5FD1B2C26F953D37CE,2011-08-30,495,true
0xAC9A34E59DF0DD01CA27920639109410290A47F8D513AE5FD1B2C26F953D37CE,2017-09-30,504,true
0xAC9A34E59DF0DD01CA27920639109410290A47F8D513AE5FD1B2C26F953D37CE,2017-09-30,514,true
0xAC9A34E59DF0DD01CA27920639109410290A47F8D513AE5FD1B2C26F953D37CE,2017-09-30,524,false
0xAC9A34E59DF0DD01CA27920639109410290A47F8D513AE5FD1B2C26F953D37CE,2017-09-30,534,false
0xAC9A34E59DF0DD01CA27920639109410290A47F8D513AE5FD1B2C26F953D37CE,2017-09-30,544,true
0xAC9A34E59DF0DD01CA27920639109410290A47F8D513AE5FD1B2C26F953D37CE,2019-09-20,554,true
0xAC9A34E59DF0DD01CA27920639109410290A47F8D513AE5FD1B2C26F953D37CE,2019-09-20,564,true
0xAC9A34E59DF0DD01CA27920639109410290A47F8D513AE5FD1B2C26F953D37CE,2019-09-20,574,false
0xAC9A34E59DF0DD01CA27920639109410290A47F8D513AE5FD1B2C26F953D37CE,2019-09-20,584,true
0xAC9A34E59DF0DD01CA27920639109410290A47F8D513AE5FD1B2C26F953D37CE,2019-09-20,594,true
0xCE0591793C71ECFAB4F962ABB46978C662452E278EBCC0DACAA4220D42AC4934,2023-01-01,107,true
0xCE0591793C71ECFAB4F962ABB46978C662452E278EBCC0DACAA4220D42AC4934,2023-01-01,117,true
0xCE0591793C71ECFAB4F962ABB46978C662452E278EBCC0DACAA4220D42AC4934,2023-01-01,127,false
0xCE0591793C71ECFAB4F962ABB46978C662452E278EBCC0DACAA4220D42AC4934,2023-01-01,137,false
0xCE0591793C71ECFAB4F962ABB46978C662452E278EBCC0DACAA4220D42AC4934,2023-01-01,147,true
0xCE0591793C71ECFAB4F962ABB46978C662452E278EBCC0DACAA4220D42AC4934,2023-01-01,157,true
0xCE0591793C71ECFAB4F962ABB46978C662452E278EBCC0DACAA4220D42AC4934,2023-01-01,167,false
0xCE0591793C71ECFAB4F962ABB46978C662452E278EBCC0DACAA4220D42AC4934,2023-01-01,177,false
0xCE0591793C71ECFAB4F962ABB46978C662452E278EBCC0DACAA4220D42AC4934,2023-01-01,187,false
0xCE0591793C71ECFAB4F962ABB46978C662452E278EBCC0DACAA4220D42AC4934,2023-01-01,197,true
0x63FD7E31492FBF9C27ADFF3EE63313C0CFD5580F6CE48E26EF7DBDCD7A29543C,2015-07-12,603,true
0x63FD7E31492FBF9C27ADFF3EE63313C0CFD5580F6CE48E26EF7DBDCD7A29543C,2015-07-12,613,true
0x63FD7E31492FBF9C27ADFF3EE63313C0CFD5580F6CE48E26EF7DBDCD7A29543C,2015-07-12,623,true
0x63FD7E31492FBF9C27ADFF3EE63313C0CFD5580F6CE48E26EF7DBDCD7A29543C,2015-07-12,633,false
0x63FD7E31492FBF9C27ADFF3EE63313C0CFD5580F6CE48E26EF7DBDCD7A29543C,2015-07-12,643,false
0x63FD7E31492FBF9C27ADFF3EE63313C0CFD5580F6CE48E26EF7DBDCD7A29543C,2015-07-12,653,false
0x63FD7E31492FBF9C27ADFF3EE63313C0CFD5580F6CE48E26EF7DBDCD7A29543C,2015-07-12,663,true
0x63FD7E31492FBF9C27ADFF3EE63313C0CFD5580F6CE48E26EF7DBDCD7A29543C,2015-07-12,673,true
0x63FD7E31492FBF9C27ADFF3EE63313C0CFD5580F6CE48E26EF7DBDCD7A29543C,2015-07-12,683,false
0x63FD7E31492FBF9C27ADFF3EE63313C0CFD5580F6CE48E26EF7DBDCD7A29543C,2015-07-12,693,false
0xB6BE1FA0063AC75DFA00EA01AF526D83C7B8A27823241B2CAB4013555164E006,2020-01-30,607,false
0xB6BE1FA0063AC75DFA00EA01AF526D83C7B8A27823241B2CAB4013555164E006,2020-01-30,617,false
0xB6BE1FA0063AC75DFA00EA01AF526D83C7B8A27823241B2CAB4013555164E006,2020-01-30,627,true
0xB6BE1FA0063AC75DFA00EA01AF526D83C7B8A27823241B2CAB4013555164E006,2020-01-30,637,true
0xB6BE1FA0063AC75DFA00EA01AF526D83C7B8A27823241B2CAB4013555164E006,2020-01-30,647,false
0xB6BE1FA0063AC75DFA00EA01AF526D83C7B8A27823241B2CAB4013555164E006,2020-04-30,657,true
0xB6BE1FA0063AC75DFA00EA01AF526D83C7B8A27823241B2CAB4013555164E006,2020-04-30,667,true
0xB6BE1FA0063AC75DFA00EA01AF526D83C7B8A27823241B2CAB4013555164E006,2020-04-30,677,true
0xB6BE1FA0063AC75DFA00EA01AF526D83C7B8A27823241B2CAB4013555164E006,2020-04-30,687,false
0xB6BE1FA0063AC75DFA00EA01AF526D83C7B8A27823241B2CAB4013555164E006,2020-04-30,697,false
0x58B3CB1975F09BD89EDD4DED8F644D1CCBE6B29C10C7E1F51CF6AE2B7F3FC917,2018-07-15,152,false
0x58B3CB1975F09BD89EDD4DED8F644D1CCBE6B29C10C7E1F51CF6AE2B7F3FC917,2018-07-15,162,false
0x58B3CB1975F09BD89EDD4DED8F644D1CCBE6B29C10C7E1F51CF6AE2B7F3FC917,2018-07-15,172,true
0x58B3CB1975F09BD89EDD4DED8F644D1CCBE6B29C10C7E1F51CF6AE2B7F3FC917,2018-07-15,182,true
0x58B3CB1975F09BD89EDD4DED8F644D1CCBE6B29C10C7E1F51CF6AE2B7F3FC917,2018-07-15,192,true
0x58B3CB1975F09BD89EDD4DED8F644D1CCBE6B29C10C7E1F51CF6AE2B7F3FC917,2023-06-10,102,false
0x58B3CB1975F09BD89EDD4DED8F644D1CCBE6B29C10C7E1F51CF6AE2B7F3FC917,2023-06-10,112,false
0x58B3CB1975F09BD89EDD4DED8F644D1CCBE6B29C10C7E1F51CF6AE2B7F3FC917,2023-06-10,122,true
0x58B3CB1975F09BD89EDD4DED8F644D1CCBE6B29C10C7E1F51CF6AE2B7F3FC917,2023-06-10,132,true
0x58B3CB1975F09BD89EDD4DED8F644D1CCBE6B29C10C7E1F51CF6AE2B7F3FC917,2023-06-10,142,false
0x11DFD4644A50FAB1514696B6756D327D943E029BAB84BA1DF3FECE50FAC46E92,2018-12-30,402,true
0x11DFD4644A50FAB1514696B6756D327D943E029BAB84BA1DF3FECE50FAC46E92,2018-12-30,412,true
0x11DFD4644A50FAB1514696B6756D327D943E029BAB84BA1DF3FECE50FAC46E92,2018-12-30,422,false
0x11DFD4644A50FAB1514696B6756D327D943E029BAB84BA1DF3FECE50FAC46E92,2018-12-30,432,false
0x11DFD4644A50FAB1514696B6756D327D943E029BAB84BA1DF3FECE50FAC46E92,2018-12-30,442,true
0x11DFD4644A50FAB1514696B6756D327D943E029BAB84BA1DF3FECE50FAC46E92,2018-12-30,452,true
0x11DFD4644A50FAB1514696B6756D327D943E029BAB84BA1DF3FECE50FAC46E92,2018-12-30,462,true
0x11DFD4644A50FAB1514696B6756D327D943E029BAB84BA1DF3FECE50FAC46E92,2018-12-30,472,false
0x11DFD4644A50FAB1514696B6756D327D943E029BAB84BA1DF3FECE50FAC46E92,2018-12-30,482,false
0x11DFD4644A50FAB1514696B6756D327D943E029BAB84BA1DF3FECE50FAC46E92,2018-12-30,492,false
0x01A335A6FFD4216B337D504CE105684212E287C2DA1076F45D84A21BF7D0D77D,2010-10-23,758,true
0x01A335A6FFD4216B337D504CE105684212E287C2DA1076F45D84A21BF7D0D77D,2010-10-23,768,true
0x01A335A6FFD4216B337D504CE105684212E287C2DA1076F45D84A21BF7D0D77D,2010-10-23,778,true
0x01A335A6FFD4216B337D504CE105684212E287C2DA1076F45D84A21BF7D0D77D,2010-10-23,788,false
0x01A335A6FFD4216B337D504CE105684212E287C2DA1076F45D84A21BF7D0D77D,2010-10-23,798,false
0x01A335A6FFD4216B337D504CE105684212E287C2DA1076F45D84A21BF7D0D77D,2010-11-23,708,true
0x01A335A6FFD4216B337D504CE105684212E287C2DA1076F45D84A21BF7D0D77D,2010-11-23,718,false
0x01A335A6FFD4216B337D504CE105684212E287C2DA1076F45D84A21BF7D0D77D,2010-11-23,728,false
0x01A335A6FFD4216B337D504CE105684212E287C2DA1076F45D84A21BF7D0D77D,2010-11-23,738,false
0x01A335A6FFD4216B337D504CE105684212E287C2DA1076F45D84A21BF7D0D77D,2010-11-23,748,false
0xB2BDA5A097995D0F49B2640CF694BC7EE0A35B98D3ED7ADABA16E7B705DAFAB1,2020-02-05,108,true
0xB2BDA5A097995D0F49B2640CF694BC7EE0A35B98D3ED7ADABA16E7B705DAFAB1,2020-02-05,118,false
0xB2BDA5A097995D0F49B2640CF694BC7EE0A35B98D3ED7ADABA16E7B705DAFAB1,2020-02-05,128,false
0xB2BDA5A097995D0F49B2640CF694BC7EE0A35B98D3ED7ADABA16E7B705DAFAB1,2020-02-05,138,true
0xB2BDA5A097995D0F49B2640CF694BC7EE0A35B98D3ED7ADABA16E7B705DAFAB1,2020-02-05,148,true
0xB2BDA5A097995D0F49B2640CF694BC7EE0A35B98D3ED7ADABA16E7B705DAFAB1,2020-08-05,158,true
0xB2BDA5A097995D0F49B2640CF694BC7EE0A35B98D3ED7ADABA16E7B705DAFAB1,2020-08-05,168,false
0xB2BDA5A097995D0F49B2640CF694BC7EE0A35B98D3ED7ADABA16E7B705DAFAB1,2020-08-05,178,false
0xB2BDA5A097995D0F49B2640CF694BC7EE0A35B98D3ED7ADABA16E7B705DAFAB1,2020-08-05,188,true
0xB2BDA5A097995D0F49B2640CF694BC7EE0A35B98D3ED7ADABA16E7B705DAFAB1,2020-08-05,198,true
0xBF684B1086328E4D2B6A7F412BB7BCB978AA4FA3FB7E374FB56DA00B55B9A591,2010-12-23,657,false
0xBF684B1086328E4D2B6A7F412BB7BCB978AA4FA3FB7E374FB56DA00B55B9A591,2010-12-23,667,false
0xBF684B1086328E4D2B6A7F412BB7BCB978AA4FA3FB7E374FB56DA00B55B9A591,2010-12-23,677,false
0xBF684B1086328E4D2B6A7F412BB7BCB978AA4FA3FB7E374FB56DA00B55B9A591,2010-12-23,687,true
0xBF684B1086328E4D2B6A7F412BB7BCB978AA4FA3FB7E374FB56DA00B55B9A591,2010-12-23,697,true
0xBF684B1086328E4D2B6A7F412BB7BCB978AA4FA3FB7E374FB56DA00B55B9A591,2012-12-13,607,true
0xBF684B1086328E4D2B6A7F412BB7BCB978AA4FA3FB7E374FB56DA00B55B9A591,2012-12-13,617,false
0xBF684B1086328E4D2B6A7F412BB7BCB978AA4FA3FB7E374FB56DA00B55B9A591,2012-12-13,627,false
0xBF684B1086328E4D2B6A7F412BB7BCB978AA4FA3FB7E374FB56DA00B55B9A591,2012-12-13,637,true
0xBF684B1086328E4D2B6A7F412BB7BCB978AA4FA3FB7E374FB56DA00B55B9A591,2012-12-13,647,true
0x8AED3FE214389037ADE25161904027A36C946AC220D5FD58027073A7042D43F6,2012-03-13,203,true
0x8AED3FE214389037ADE25161904027A36C946AC220D5FD58027073A7042D43F6,2012-03-13,213,true
0x8AED3FE214389037ADE25161904027A36C946AC220D5FD58027073A7042D43F6,2012-03-13,223,false
0x8AED3FE214389037ADE25161904027A36C946AC220D5FD58027073A7042D43F6,2012-03-13,233,false
0x8AED3FE214389037ADE25161904027A36C946AC220D5FD58027073A7042D43F6,2012-03-13,243,false
0x8AED3FE214389037ADE25161904027A36C946AC220D5FD58027073A7042D43F6,2012-04-13,253,true
0x8AED3FE214389037ADE25161904027A36C946AC220D5FD58027073A7042D43F6,2012-04-13,263,true
0x8AED3FE214389037ADE25161904027A36C946AC220D5FD58027073A7042D43F6,2012-04-13,273,true
0x8AED3FE214389037ADE25161904027A36C946AC220D5FD58027073A7042D43F6,2012-04-13,283,false
0x8AED3FE214389037ADE25161904027A36C946AC220D5FD58027073A7042D43F6,2012-04-13,293,false
0x92DFD23386EF6E6A50D04DDEEC39F189FA1EC249C4AF7C0F39043598A984A542,2015-05-04,900,true
0x92DFD23386EF6E6A50D04DDEEC39F189FA1EC249C4AF7C0F39043598A984A542,2015-05-04,910,true
0x92DFD23386EF6E6A50D04DDEEC39F189FA1EC249C4AF7C0F39043598A984A542,2015-05-04,920,false
0x92DFD23386EF6E6A50D04DDEEC39F189FA1EC249C4AF7C0F39043598A984A542,2015-05-04,930,true
0x92DFD23386EF6E6A50D04DDEEC39F189FA1EC249C4AF7C0F39043598A984A542,2015-05-04,940,true
0x92DFD23386EF6E6A50D04DDEEC39F189FA1EC249C4AF7C0F39043598A984A542,2015-05-04,950,false
0x92DFD23386EF6E6A50D04DDEEC39F189FA1EC249C4AF7C0F39043598A984A542,2015-05-04,960,false
0x92DFD23386EF6E6A50D04DDEEC39F189FA1EC249C4AF7C0F39043598A984A542,2015-05-04,970,true
0x92DFD23386EF6E6A50D04DDEEC39F189FA1EC249C4AF7C0F39043598A984A542,2015-05-04,980,true
0x92DFD23386EF6E6A50D04DDEEC39F189FA1EC249C4AF7C0F39043598A984A542,2015-05-04,990,false
0xFC5C271D266C0B100D0B451A22D71B57576F50EC68D0D9B07259179E620FD1E4,2017-04-04,602,true
0xFC5C271D266C0B100D0B451A22D71B57576F50EC68D0D9B07259179E620FD1E4,2017-04-04,612,true
0xFC5C271D266C0B100D0B451A22D71B57576F50EC68D0D9B07259179E620FD1E4,2017-04-04,622,false
0xFC5C271D266C0B100D0B451A22D71B57576F50EC68D0D9B07259179E620FD1E4,2017-04-04,632,true
0xFC5C271D266C0B100D0B451A22D71B57576F50EC68D0D9B07259179E620FD1E4,2017-04-04,642,true
0xFC5C271D266C0B100D0B451A22D71B57576F50EC68D0D9B07259179E620FD1E4,2017-04-04,652,true
0xFC5C271D266C0B100D0B451A22D71B57576F50EC68D0D9B07259179E620FD1E4,2017-04-04,662,false
0xFC5C271D266C0B100D0B451A22D71B57576F50EC68D0D9B07259179E620FD1E4,2017-04-04,672,false
0xFC5C271D266C0B100D0B451A22D71B57576F50EC68D0D9B07259179E620FD1E4,2017-04-04,682,true
0xFC5C271D266C0B100D0B451A22D71B57576F50EC68D0D9B07259179E620FD1E4,2017-04-04,692,true
0x4B923E5254103C807392248E01F962767674B575B2D41479A445DD0780FA8407,2012-03-02,507,true
0x4B923E5254103C807392248E01F962767674B575B2D41479A445DD0780FA8407,2012-03-02,517,true
0x4B923E5254103C807392248E01F962767674B575B2D41479A445DD0780FA8407,2012-03-02,527,true
0x4B923E5254103C807392248E01F962767674B575B2D41479A445DD0780FA8407,2012-03-02,537,false
0x4B923E5254103C807392248E01F962767674B575B2D41479A445DD0780FA8407,2012-03-02,547,false
0x4B923E5254103C807392248E01F962767674B575B2D41479A445DD0780FA8407,2012-03-02,557,false
0x4B923E5254103C807392248E01F962767674B575B2D41479A445DD0780FA8407,2012-03-02,567,true
0x4B923E5254103C807392248E01F962767674B575B2D41479A445DD0780FA8407,2012-03-02,577,true
0x4B923E5254103C807392248E01F962767674B575B2D41479A445DD0780FA8407,2012-03-02,587,false
0x4B923E5254103C807392248E01F962767674B575B2D41479A445DD0780FA8407,2012-03-02,597,false
0x6E70C1504EB27252542F58E4D3C8C83516E093334721A3CE1DD194FE3F98DA0F,2017-05-05,503,true
0x6E70C1504EB27252542F58E4D3C8C83516E093334721A3CE1DD194FE3F98DA0F,2017-05-05,511,false
0x6E70C1504EB27252542F58E4D3C8C83516E093334721A3CE1DD194FE3F98DA0F,2017-05-05,520,false
0x6E70C1504EB27252542F58E4D3C8C83516E093334721A3CE1DD194FE3F98DA0F,2017-05-05,539,true
0x6E70C1504EB27252542F58E4D3C8C83516E093334721A3CE1DD194FE3F98DA0F,2017-05-05,541,true
0x6E70C1504EB27252542F58E4D3C8C83516E093334721A3CE1DD194FE3F98DA0F,2017-05-05,552,true
0x6E70C1504EB27252542F58E4D3C8C83516E093334721A3CE1DD194FE3F98DA0F,2017-05-05,563,false
0x6E70C1504EB27252542F58E4D3C8C83516E093334721A3CE1DD194FE3F98DA0F,2017-05-05,577,true
0x6E70C1504EB27252542F58E4D3C8C83516E093334721A3CE1DD194FE3F98DA0F,2017-05-05,580,true
0x6E70C1504EB27252542F58E4D3C8C83516E093334721A3CE1DD194FE3F98DA0F,2017-05-05,590,false
0xFF534C83C0EF23D1CE516BC80A65D0197003D27937D485BC549171D52CE13CEA,2017-03-08,352,false
0xFF534C83C0EF23D1CE516BC80A65D0197003D27937D485BC549171D52CE13CEA,2017-03-08,367,false
0xFF534C83C0EF23D1CE516BC80A65D0197003D27937D485BC549171D52CE13CEA,2017-03-08,377,true
0xFF534C83C0EF23D1CE516BC80A65D0197003D27937D485BC549171D52CE13CEA,2017-03-08,381,true
0xFF534C83C0EF23D1CE516BC80A65D0197003D27937D485BC549171D52CE13CEA,2017-03-08,398,false
0xFF534C83C0EF23D1CE516BC80A65D0197003D27937D485BC549171D52CE13CEA,2017-05-05,302,true
0xFF534C83C0EF23D1CE516BC80A65D0197003D27937D485BC549171D52CE13CEA,2017-05-05,313,false
0xFF534C83C0EF23D1CE516BC80A65D0197003D27937D485BC549171D52CE13CEA,2017-05-05,327,true
0xFF534C83C0EF23D1CE516BC80A65D0197003D27937D485BC549171D52CE13CEA,2017-05-05,336,true
0xFF534C83C0EF23D1CE516BC80A65D0197003D27937D485BC549171D52CE13CEA,2017-05-05,346,true
0x6B6DB754763C0FFC78D296B34FB4C902960EE63B4B6F1CEAD4B548771758723A,2012-02-04,605,true
0x6B6DB754763C0FFC78D296B34FB4C902960EE63B4B6F1CEAD4B548771758723A,2012-02-04,615,true
0x6B6DB754763C0FFC78D296B34FB4C902960EE63B4B6F1CEAD4B548771758723A,2012-02-04,625,false
0x6B6DB754763C0FFC78D296B34FB4C902960EE63B4B6F1CEAD4B548771758723A,2012-02-04,635,false
0x6B6DB754763C0FFC78D296B34FB4C902960EE63B4B6F1CEAD4B548771758723A,2012-02-04,645,true
0x6B6DB754763C0FFC78D296B34FB4C902960EE63B4B6F1CEAD4B548771758723A,2012-02-04,655,true
0x6B6DB754763C0FFC78D296B34FB4C902960EE63B4B6F1CEAD4B548771758723A,2012-02-04,665,false
0x6B6DB754763C0FFC78D296B34FB4C902960EE63B4B6F1CEAD4B548771758723A,2012-02-04,675,false
0x6B6DB754763C0FFC78D296B34FB4C902960EE63B4B6F1CEAD4B548771758723A,2012-02-04,685,false
0x6B6DB754763C0FFC78D296B34FB4C902960EE63B4B6F1CEAD4B548771758723A,2012-02-04,695,false
0x2A77BF180275768BD4827B65D7CFA31F9660B8F3DC006157F123F6877FA0E0D0,2012-03-04,703,false
0x2A77BF180275768BD4827B65D7CFA31F9660B8F3DC006157F123F6877FA0E0D0,2012-03-04,713,true
0x2A77BF180275768BD4827B65D7CFA31F9660B8F3DC006157F123F6877FA0E0D0,2012-03-04,723,true
0x2A77BF180275768BD4827B65D7CFA31F9660B8F3DC006157F123F6877FA0E0D0,2012-03-04,733,true
0x2A77BF180275768BD4827B65D7CFA31F9660B8F3DC006157F123F6877FA0E0D0,2012-03-04,743,false
0x2A77BF180275768BD4827B65D7CFA31F9660B8F3DC006157F123F6877FA0E0D0,2012-03-04,753,true
0x2A77BF180275768BD4827B65D7CFA31F9660B8F3DC006157F123F6877FA0E0D0,2012-03-04,763,true
0x2A77BF180275768BD4827B65D7CFA31F9660B8F3DC006157F123F6877FA0E0D0,2012-03-04,773,true
0x2A77BF180275768BD4827B65D7CFA31F9660B8F3DC006157F123F6877FA0E0D0,2012-03-04,783,false
0x2A77BF180275768BD4827B65D7CFA31F9660B8F3DC006157F123F6877FA0E0D0,2012-03-04,793,false
0x5598BECAB023502FD86B8F01D312572CA9FF5EDADF411AEC770A0716DC797AC4,2016-07-06,51,true
0x5598BECAB023502FD86B8F01D312572CA9FF5EDADF411AEC770A0716DC797AC4,2016-07-06,61,false
0x5598BECAB023502FD86B8F01D312572CA9FF5EDADF411AEC770A0716DC797AC4,2016-07-06,71,false
0x5598BECAB023502FD86B8F01D312572CA9FF5EDADF411AEC770A0716DC797AC4,2016-07-06,81,false
0x5598BECAB023502FD86B8F01D312572CA9FF5EDADF411AEC770A0716DC797AC4,2016-07-06,91,false
0x5598BECAB023502FD86B8F01D312572CA9FF5EDADF411AEC770A0716DC797AC4,2020-09-06,1,false
0x5598BECAB023502FD86B8F01D312572CA9FF5EDADF411AEC770A0716DC797AC4,2020-09-06,11,false
0x5598BECAB023502FD86B8F01D312572CA9FF5EDADF411AEC770A0716DC797AC4,2020-09-06,21,false
0x5598BECAB023502FD86B8F01D312572CA9FF5EDADF411AEC770A0716DC797AC4,2020-09-06,31,true
0x5598BECAB023502FD86B8F01D312572CA9FF5EDADF411AEC770A0716DC797AC4,2020-09-06,41,true
0x2156D320BAE447C09DE6A79F966A9F51FF154BBAA376F761C2C5A36CD1705651,2015-01-16,102,false
0x2156D320BAE447C09DE6A79F966A9F51FF154BBAA376F761C2C5A36CD1705651,2015-01-16,112,false
0x2156D320BAE447C09DE6A79F966A9F51FF154BBAA376F761C2C5A36CD1705651,2015-01-16,122,true
0x2156D320BAE447C09DE6A79F966A9F51FF154BBAA376F761C2C5A36CD1705651,2015-01-16,132,true
0x2156D320BAE447C09DE6A79F966A9F51FF154BBAA376F761C2C5A36CD1705651,2015-01-16,142,true
0x2156D320BAE447C09DE6A79F966A9F51FF154BBAA376F761C2C5A36CD1705651,2015-02-16,152,false
0x2156D320BAE447C09DE6A79F966A9F51FF154BBAA376F761C2C5A36CD1705651,2015-02-16,162,false
0x2156D320BAE447C09DE6A79F966A9F51FF154BBAA376F761C2C5A36CD1705651,2015-02-16,172,false
0x2156D320BAE447C09DE6A79F966A9F51FF154BBAA376F761C2C5A36CD1705651,2015-02-16,182,true
0x2156D320BAE447C09DE6A79F966A9F51FF154BBAA376F761C2C5A36CD1705651,2015-02-16,192,true
0x3C9CF68D50FED7CD332CE483EDB9C594E8ECC82763A55FA9C76A4953CEF442EE,2021-10-30,204,false
0x3C9CF68D50FED7CD332CE483EDB9C594E8ECC82763A55FA9C76A4953CEF442EE,2021-10-30,214,true
0x3C9CF68D50FED7CD332CE483EDB9C594E8ECC82763A55FA9C76A4953CEF442EE,2021-10-30,224,true
0x3C9CF68D50FED7CD332CE483EDB9C594E8ECC82763A55FA9C76A4953CEF442EE,2021-10-30,234,true
0x3C9CF68D50FED7CD332CE483EDB9C594E8ECC82763A55FA9C76A4953CEF442EE,2021-10-30,244,false
0x3C9CF68D50FED7CD332CE483EDB9C594E8ECC82763A55FA9C76A4953CEF442EE,2021-10-30,254,false
0x3C9CF68D50FED7CD332CE483EDB9C594E8ECC82763A55FA9C76A4953CEF442EE,2021-10-30,264,true
0x3C9CF68D50FED7CD332CE483EDB9C594E8ECC82763A55FA9C76A4953CEF442EE,2021-10-30,274,true
0x3C9CF68D50FED7CD332CE483EDB9C594E8ECC82763A55FA9C76A4953CEF442EE,2021-10-30,284,true
0x3C9CF68D50FED7CD332CE483EDB9C594E8ECC82763A55FA9C76A4953CEF442EE,2021-10-30,294,false
0x1701FAE51D37948FE84238097B563FE8732C4A62C5B7ACA1EC0D3545FA07BDC4,2012-08-13,405,true
0x1701FAE51D37948FE84238097B563FE8732C4A62C5B7ACA1EC0D3545FA07BDC4,2012-08-13,415,true
0x1701FAE51D37948FE84238097B563FE8732C4A62C5B7ACA1EC0D3545FA07BDC4,2012-08-13,425,false
0x1701FAE51D37948FE84238097B563FE8732C4A62C5B7ACA1EC0D3545FA07BDC4,2012-08-13,435,false
0x1701FAE51D37948FE84238097B563FE8732C4A62C5B7ACA1EC0D3545FA07BDC4,2012-08-13,445,false
0x1701FAE51D37948FE84238097B563FE8732C4A62C5B7ACA1EC0D3545FA07BDC4,2012-09-13,455,true
0x1701FAE51D37948FE84238097B563FE8732C4A62C5B7ACA1EC0D3545FA07BDC4,2012-09-13,465,true
0x1701FAE51D37948FE84238097B563FE8732C4A62C5B7ACA1EC0D3545FA07BDC4,2012-09-13,475,false
0x1701FAE51D37948FE84238097B563FE8732C4A62C5B7ACA1EC0D3545FA07BDC4,2012-09-13,485,false
0x1701FAE51D37948FE84238097B563FE8732C4A62C5B7ACA1EC0D3545FA07BDC4,2012-09-13,495,false
0x1BDE2BD375189D4BD0AEADE4AC20F08B7A8671A73D4F4027BA49DDEF76EE5725,2019-11-30,300,false
0x1BDE2BD375189D4BD0AEADE4AC20F08B7A8671A73D4F4027BA49DDEF76EE5725,2019-11-30,310,false
0x1BDE2BD375189D4BD0AEADE4AC20F08B7A8671A73D4F4027BA49DDEF76EE5725,2019-11-30,320,true
0x1BDE2BD375189D4BD0AEADE4AC20F08B7A8671A73D4F4027BA49DDEF76EE5725,2019-11-30,330,true
0x1BDE2BD375189D4BD0AEADE4AC20F08B7A8671A73D4F4027BA49DDEF76EE5725,2019-11-30,340,true
0x1BDE2BD375189D4BD0AEADE4AC20F08B7A8671A73D4F4027BA49DDEF76EE5725,2019-11-30,350,false
0x1BDE2BD375189D4BD0AEADE4AC20F08B7A8671A73D4F4027BA49DDEF76EE5725,2019-11-30,360,false
0x1BDE2BD375189D4BD0AEADE4AC20F08B7A8671A73D4F4027BA49DDEF76EE5725,2019-11-30,370,true
0x1BDE2BD375189D4BD0AEADE4AC20F08B7A8671A73D4F4027BA49DDEF76EE5725,2019-11-30,380,true
0x1BDE2BD375189D4BD0AEADE4AC20F08B7A8671A73D4F4027BA49DDEF76EE5725,2019-11-30,390,true
0x801B08C30D1A38E502BFC39A7914A2FF786C353FE409DE3524585487FAB951F9,2017-02-12,921,true
0x801B08C30D1A38E502BFC39A7914A2FF786C353FE409DE3524585487FAB951F9,2017-02-12,961,true
0x801B08C30D1A38E502BFC39A7914A2FF786C353FE409DE3524585487FAB951F9,2017-02-12,981,false
0x801B08C30D1A38E502BFC39A7914A2FF786C353FE409DE3524585487FAB951F9,2017-03-08,950,true
0x801B08C30D1A38E502BFC39A7914A2FF786C353FE409DE3524585487FAB951F9,2017-03-08,969,false
0x801B08C30D1A38E502BFC39A7914A2FF786C353FE409DE3524585487FAB951F9,2017-03-08,977,true
0x801B08C30D1A38E502BFC39A7914A2FF786C353FE409DE3524585487FAB951F9,2017-03-08,989,true
0x801B08C30D1A38E502BFC39A7914A2FF786C353FE409DE3524585487FAB951F9,2017-03-08,999,false
0x801B08C30D1A38E502BFC39A7914A2FF786C353FE409DE3524585487FAB951F9,2017-05-05,904,true
0x801B08C30D1A38E502BFC39A7914A2FF786C353FE409DE3524585487FAB951F9,2017-05-05,911,true
0x801B08C30D1A38E502BFC39A7914A2FF786C353FE409DE3524585487FAB951F9,2017-05-05,928,false
0x801B08C30D1A38E502BFC39A7914A2FF786C353FE409DE3524585487FAB951F9,2017-05-05,931,false
0x801B08C30D1A38E502BFC39A7914A2FF786C353FE409DE3524585487FAB951F9,2017-05-05,942,true
0x801B08C30D1A38E502BFC39A7914A2FF786C353FE409DE3524585487FAB951F9,2017-05-08,994,false
0x801B08C30D1A38E502BFC39A7914A2FF786C353FE409DE3524585487FAB951F9,2017-05-12,918,true
0x801B08C30D1A38E502BFC39A7914A2FF786C353FE409DE3524585487FAB951F9,2017-05-12,973,true
0x801B08C30D1A38E502BFC39A7914A2FF786C353FE409DE3524585487FAB951F9,2017-05-12,994,false
0x801B08C30D1A38E502BFC39A7914A2FF786C353FE409DE3524585487FAB951F9,2017-07-12,925,false
0x801B08C30D1A38E502BFC39A7914A2FF786C353FE409DE3524585487FAB951F9,2017-07-12,951,true
0x5A3A2D6A659769FCA243FC2A97644D27A75FB9AA4DF38D55145E5BEBDB4F06AA,2017-03-08,750,false
0x5A3A2D6A659769FCA243FC2A97644D27A75FB9AA4DF38D55145E5BEBDB4F06AA,2017-03-08,764,true
0x5A3A2D6A659769FCA243FC2A97644D27A75FB9AA4DF38D55145E5BEBDB4F06AA,2017-03-08,777,true
0x5A3A2D6A659769FCA243FC2A97644D27A75FB9AA4DF38D55145E5BEBDB4F06AA,2017-03-08,787,false
0x5A3A2D6A659769FCA243FC2A97644D27A75FB9AA4DF38D55145E5BEBDB4F06AA,2017-03-08,799,false
0x5A3A2D6A659769FCA243FC2A97644D27A75FB9AA4DF38D55145E5BEBDB4F06AA,2017-05-05,709,true
0x5A3A2D6A659769FCA243FC2A97644D27A75FB9AA4DF38D55145E5BEBDB4F06AA,2017-05-05,710,true
0x5A3A2D6A659769FCA243FC2A97644D27A75FB9AA4DF38D55145E5BEBDB4F06AA,2017-05-05,728,false
0x5A3A2D6A659769FCA243FC2A97644D27A75FB9AA4DF38D55145E5BEBDB4F06AA,2017-05-05,733,true
0x5A3A2D6A659769FCA243FC2A97644D27A75FB9AA4DF38D55145E5BEBDB4F06AA,2017-05-05,749,true
0xC93C23F50B11F71BD77EC36202B9D42AB0BAA8E77F9F1F0AC36D84DBD54FE48A,2015-09-17,506,false
0xC93C23F50B11F71BD77EC36202B9D42AB0BAA8E77F9F1F0AC36D84DBD54FE48A,2015-09-17,516,false
0xC93C23F50B11F71BD77EC36202B9D42AB0BAA8E77F9F1F0AC36D84DBD54FE48A,2015-09-17,526,true
0xC93C23F50B11F71BD77EC36202B9D42AB0BAA8E77F9F1F0AC36D84DBD54FE48A,2015-09-17,536,true
0xC93C23F50B11F71BD77EC36202B9D42AB0BAA8E77F9F1F0AC36D84DBD54FE48A,2015-09-17,546,false
0xC93C23F50B11F71BD77EC36202B9D42AB0BAA8E77F9F1F0AC36D84DBD54FE48A,2018-10-17,556,false
0xC93C23F50B11F71BD77EC36202B9D42AB0BAA8E77F9F1F0AC36D84DBD54FE48A,2018-10-17,566,false
0xC93C23F50B11F71BD77EC36202B9D42AB0BAA8E77F9F1F0AC36D84DBD54FE48A,2018-10-17,576,true
0xC93C23F50B11F71BD77EC36202B9D42AB0BAA8E77F9F1F0AC36D84DBD54FE48A,2018-10-17,586,true
0xC93C23F50B11F71BD77EC36202B9D42AB0BAA8E77F9F1F0AC36D84DBD54FE48A,2018-10-17,596,false
0x08BAB47A6B4CC82200415CDADE2D6C3E6DAF6B2640677BAB72CD9D8C7FC4860C,2023-04-23,59,false
0x08BAB47A6B4CC82200415CDADE2D6C3E6DAF6B2640677BAB72CD9D8C7FC4860C,2023-04-23,69,false
0x08BAB47A6B4CC82200415CDADE2D6C3E6DAF6B2640677BAB72CD9D8C7FC4860C,2023-04-23,79,false
0x08BAB47A6B4CC82200415CDADE2D6C3E6DAF6B2640677BAB72CD9D8C7FC4860C,2023-04-23,89,true
0x08BAB47A6B4CC82200415CDADE2D6C3E6DAF6B2640677BAB72CD9D8C7FC4860C,2023-04-23,99,true
0x08BAB47A6B4CC82200415CDADE2D6C3E6DAF6B2640677BAB72CD9D8C7FC4860C,2023-05-23,9,true
0x08BAB47A6B4CC82200415CDADE2D6C3E6DAF6B2640677BAB72CD9D8C7FC4860C,2023-05-23,19,false
0x08BAB47A6B4CC82200415CDADE2D6C3E6DAF6B2640677BAB72CD9D8C7FC4860C,2023-05-23,29,false
0x08BAB47A6B4CC82200415CDADE2D6C3E6DAF6B2640677BAB72CD9D8C7FC4860C,2023-05-23,39,true
0x08BAB47A6B4CC82200415CDADE2D6C3E6DAF6B2640677BAB72CD9D8C7FC4860C,2023-05-23,49,true
0x976A47F61434CAD5F6C6E475AB0D9A272F79D3865C8B753BE0F664708E202B8C,2011-01-04,501,false
0x976A47F61434CAD5F6C6E475AB0D9A272F79D3865C8B753BE0F664708E202B8C,2011-01-04,511,false
0x976A47F61434CAD5F6C6E475AB0D9A272F79D3865C8B753BE0F664708E202B8C,2011-01-04,521,true
0x976A47F61434CAD5F6C6E475AB0D9A272F79D3865C8B753BE0F664708E202B8C,2011-01-04,531,true
0x976A47F61434CAD5F6C6E475AB0D9A272F79D3865C8B753BE0F664708E202B8C,2011-01-04,541,true
0x976A47F61434CAD5F6C6E475AB0D9A272F79D3865C8B753BE0F664708E202B8C,2011-01-04,551,false
0x976A47F61434CAD5F6C6E475AB0D9A272F79D3865C8B753BE0F664708E202B8C,2011-01-04,561,false
0x976A47F61434CAD5F6C6E475AB0D9A272F79D3865C8B753BE0F664708E202B8C,2011-01-04,571,true
0x976A47F61434CAD5F6C6E475AB0D9A272F79D3865C8B753BE0F664708E202B8C,2011-01-04,581,true
0x976A47F61434CAD5F6C6E475AB0D9A272F79D3865C8B753BE0F664708E202B8C,2011-01-04,591,true
0xDE2A7832BCE1F041C91749F7C6FB7AB24F6AC1FB8BF4C1680F7C34D6600B773E,2012-05-13,304,false
0xDE2A7832BCE1F041C91749F7C6FB7AB24F6AC1FB8BF4C1680F7C34D6600B773E,2012-05-13,314,true
0xDE2A7832BCE1F041C91749F7C6FB7AB24F6AC1FB8BF4C1680F7C34D6600B773E,2012-05-13,324,true
0xDE2A7832BCE1F041C91749F7C6FB7AB24F6AC1FB8BF4C1680F7C34D6600B773E,2012-05-13,334,true
0xDE2A7832BCE1F041C91749F7C6FB7AB24F6AC1FB8BF4C1680F7C34D6600B773E,2012-06-13,344,true
0xDE2A7832BCE1F041C91749F7C6FB7AB24F6AC1FB8BF4C1680F7C34D6600B773E,2012-07-13,354,false
0xDE2A7832BCE1F041C91749F7C6FB7AB24F6AC1FB8BF4C1680F7C34D6600B773E,2012-07-13,364,false
0xDE2A7832BCE1F041C91749F7C6FB7AB24F6AC1FB8BF4C1680F7C34D6600B773E,2012-07-13,374,false
0xDE2A7832BCE1F041C91749F7C6FB7AB24F6AC1FB8BF4C1680F7C34D6600B773E,2012-07-13,384,true
0xDE2A7832BCE1F041C91749F7C6FB7AB24F6AC1FB8BF4C1680F7C34D6600B773E,2012-07-13,394,true
0x6DE7954E6AF065D29EF5C57D0DC8120FBAE6753D2CCBF17CB21AB19E1A83BF65,2011-05-29,253,false
0x6DE7954E6AF065D29EF5C57D0DC8120FBAE6753D2CCBF17CB21AB19E1A83BF65,2011-05-29,263,true
0x6DE7954E6AF065D29EF5C57D0DC8120FBAE6753D2CCBF17CB21AB19E1A83BF65,2011-05-29,273,true
0x6DE7954E6AF065D29EF5C57D0DC8120FBAE6753D2CCBF17CB21AB19E1A83BF65,2011-05-29,283,false
0x6DE7954E6AF065D29EF5C57D0DC8120FBAE6753D2CCBF17CB21AB19E1A83BF65,2011-05-29,293,false
0x6DE7954E6AF065D29EF5C57D0DC8120FBAE6753D2CCBF17CB21AB19E1A83BF65,2021-11-25,203,true
0x6DE7954E6AF065D29EF5C57D0DC8120FBAE6753D2CCBF17CB21AB19E1A83BF65,2021-11-25,213,false
0x6DE7954E6AF065D29EF5C57D0DC8120FBAE6753D2CCBF17CB21AB19E1A83BF65,2021-11-25,223,false
0x6DE7954E6AF065D29EF5C57D0DC8120FBAE6753D2CCBF17CB21AB19E1A83BF65,2021-11-25,233,true
0x6DE7954E6AF065D29EF5C57D0DC8120FBAE6753D2CCBF17CB21AB19E1A83BF65,2021-11-25,243,false
0x84AB5C19C84D44EF8A3F7CE67098C1F7CDB143995B254234C86F070C46930AE8,2012-10-13,506,false
0x84AB5C19C84D44EF8A3F7CE67098C1F7CDB143995B254234C86F070C46930AE8,2012-10-13,516,true
0x84AB5C19C84D44EF8A3F7CE67098C1F7CDB143995B254234C86F070C46930AE8,2012-10-13,526,true
0x84AB5C19C84D44EF8A3F7CE67098C1F7CDB143995B254234C86F070C46930AE8,2012-10-13,536,true
0x84AB5C19C84D44EF8A3F7CE67098C1F7CDB143995B254234C86F070C46930AE8,2012-10-13,546,false
0x84AB5C19C84D44EF8A3F7CE67098C1F7CDB143995B254234C86F070C46930AE8,2012-11-13,556,false
0x84AB5C19C84D44EF8A3F7CE67098C1F7CDB143995B254234C86F070C46930AE8,2012-11-13,576,true
0x84AB5C19C84D44EF8A3F7CE67098C1F7CDB143995B254234C86F070C46930AE8,2012-11-13,586,true
0x84AB5C19C84D44EF8A3F7CE67098C1F7CDB143995B254234C86F070C46930AE8,2012-11-13,596,true
0x533C977BA6D1D8DFAD8D8D4C2250236D16EFD17B9F3508E8A62464A0CD59149B,2013-03-31,304,false
0x533C977BA6D1D8DFAD8D8D4C2250236D16EFD17B9F3508E8A62464A0CD59149B,2013-03-31,314,false
0x533C977BA6D1D8DFAD8D8D4C2250236D16EFD17B9F3508E8A62464A0CD59149B,2013-03-31,324,true
0x533C977BA6D1D8DFAD8D8D4C2250236D16EFD17B9F3508E8A62464A0CD59149B,2013-03-31,334,true
0x533C977BA6D1D8DFAD8D8D4C2250236D16EFD17B9F3508E8A62464A0CD59149B,2013-03-31,344,false
0x533C977BA6D1D8DFAD8D8D4C2250236D16EFD17B9F3508E8A62464A0CD59149B,2023-02-02,354,false
0x533C977BA6D1D8DFAD8D8D4C2250236D16EFD17B9F3508E8A62464A0CD59149B,2023-02-02,364,false
0x533C977BA6D1D8DFAD8D8D4C2250236D16EFD17B9F3508E8A62464A0CD59149B,2023-02-02,374,true
0x533C977BA6D1D8DFAD8D8D4C2250236D16EFD17B9F3508E8A62464A0CD59149B,2023-02-02,384,true
0x533C977BA6D1D8DFAD8D8D4C2250236D16EFD17B9F3508E8A62464A0CD59149B,2023-02-02,394,true
0x75D516B4AB3175C923B39F3AF6871A2778F6BD71EFB98FE2B25970D8F292D823,2018-01-12,257,false
0x75D516B4AB3175C923B39F3AF6871A2778F6BD71EFB98FE2B25970D8F292D823,2018-01-12,267,false
0x75D516B4AB3175C923B39F3AF6871A2778F6BD71EFB98FE2B25970D8F292D823,2018-01-12,277,false
0x75D516B4AB3175C923B39F3AF6871A2778F6BD71EFB98FE2B25970D8F292D823,2018-01-12,287,true
0x75D516B4AB3175C923B39F3AF6871A2778F6BD71EFB98FE2B25970D8F292D823,2018-01-12,297,true
0x75D516B4AB3175C923B39F3AF6871A2778F6BD71EFB98FE2B25970D8F292D823,2019-01-23,207,false
0x75D516B4AB3175C923B39F3AF6871A2778F6BD71EFB98FE2B25970D8F292D823,2019-01-23,217,true
0x75D516B4AB3175C923B39F3AF6871A2778F6BD71EFB98FE2B25970D8F292D823,2019-01-23,227,true
0x75D516B4AB3175C923B39F3AF6871A2778F6BD71EFB98FE2B25970D8F292D823,2019-01-23,237,true
0x75D516B4AB3175C923B39F3AF6871A2778F6BD71EFB98FE2B25970D8F292D823,2019-01-23,247,false
0xD60E330244F2B1F063CA4059EAD0918154B3FD769F0095CD91C7A618A7ED488B,2012-06-04,3,true
0xD60E330244F2B1F063CA4059EAD0918154B3FD769F0095CD91C7A618A7ED488B,2012-07-04,13,true
0xD60E330244F2B1F063CA4059EAD0918154B3FD769F0095CD91C7A618A7ED488B,2012-07-04,23,true
0xD60E330244F2B1F063CA4059EAD0918154B3FD769F0095CD91C7A618A7ED488B,2012-07-04,33,false
0xD60E330244F2B1F063CA4059EAD0918154B3FD769F0095CD91C7A618A7ED488B,2012-07-04,43,false
0xD60E330244F2B1F063CA4059EAD0918154B3FD769F0095CD91C7A618A7ED488B,2012-07-04,53,false
0xD60E330244F2B1F063CA4059EAD0918154B3FD769F0095CD91C7A618A7ED488B,2012-07-04,63,true
0xD60E330244F2B1F063CA4059EAD0918154B3FD769F0095CD91C7A618A7ED488B,2012-07-04,73,true
0xD60E330244F2B1F063CA4059EAD0918154B3FD769F0095CD91C7A618A7ED488B,2012-07-04,83,true
0xD60E330244F2B1F063CA4059EAD0918154B3FD769F0095CD91C7A618A7ED488B,2012-07-04,93,false
0x1DD6DA89DEECA1841ABD572562982EE905566F4469ACB5B44FD49001BCF570ED,2017-03-08,650,true
0x1DD6DA89DEECA1841ABD572562982EE905566F4469ACB5B44FD49001BCF570ED,2017-03-08,663,false
0x1DD6DA89DEECA1841ABD572562982EE905566F4469ACB5B44FD49001BCF570ED,2017-03-08,679,false
0x1DD6DA89DEECA1841ABD572562982EE905566F4469ACB5B44FD49001BCF570ED,2017-03-08,681,true
0x1DD6DA89DEECA1841ABD572562982EE905566F4469ACB5B44FD49001BCF570ED,2017-03-08,697,true
0x1DD6DA89DEECA1841ABD572562982EE905566F4469ACB5B44FD49001BCF570ED,2017-05-05,600,false
0x1DD6DA89DEECA1841ABD572562982EE905566F4469ACB5B44FD49001BCF570ED,2017-05-05,611,true
0x1DD6DA89DEECA1841ABD572562982EE905566F4469ACB5B44FD49001BCF570ED,2017-05-05,623,false
0x1DD6DA89DEECA1841ABD572562982EE905566F4469ACB5B44FD49001BCF570ED,2017-05-05,633,false
0x1DD6DA89DEECA1841ABD572562982EE905566F4469ACB5B44FD49001BCF570ED,2017-05-05,644,true
0xA0E5A29C51E8FD72C00456D593DC4FA1B077DF567FB18EC72D5F560B09417468,2015-06-09,508,true
0xA0E5A29C51E8FD72C00456D593DC4FA1B077DF567FB18EC72D5F560B09417468,2015-06-09,518,true
0xA0E5A29C51E8FD72C00456D593DC4FA1B077DF567FB18EC72D5F560B09417468,2015-06-09,528,false
0xA0E5A29C51E8FD72C00456D593DC4FA1B077DF567FB18EC72D5F560B09417468,2015-06-09,538,false
0xA0E5A29C51E8FD72C00456D593DC4FA1B077DF567FB18EC72D5F560B09417468,2015-06-09,548,true
0xA0E5A29C51E8FD72C00456D593DC4FA1B077DF567FB18EC72D5F560B09417468,2015-06-09,558,true
0xA0E5A29C51E8FD72C00456D593DC4FA1B077DF567FB18EC72D5F560B09417468,2015-06-09,568,false
0xA0E5A29C51E8FD72C00456D593DC4FA1B077DF567FB18EC72D5F560B09417468,2015-06-09,578,false
0xA0E5A29C51E8FD72C00456D593DC4FA1B077DF567FB18EC72D5F560B09417468,2015-06-09,588,true
0xA0E5A29C51E8FD72C00456D593DC4FA1B077DF567FB18EC72D5F560B09417468,2015-06-09,598,true
0x98FF1A89EAFB3D2A757C073C0FB89647DD33EDB97B8DF0E8B94EADC86F2BD1D4,2016-07-20,900,false
0x98FF1A89EAFB3D2A757C073C0FB89647DD33EDB97B8DF0E8B94EADC86F2BD1D4,2016-07-20,910,true
0x98FF1A89EAFB3D2A757C073C0FB89647DD33EDB97B8DF0E8B94EADC86F2BD1D4,2016-07-20,920,true
0x98FF1A89EAFB3D2A757C073C0FB89647DD33EDB97B8DF0E8B94EADC86F2BD1D4,2016-07-20,930,false
0x98FF1A89EAFB3D2A757C073C0FB89647DD33EDB97B8DF0E8B94EADC86F2BD1D4,2016-07-20,940,false
0x98FF1A89EAFB3D2A757C073C0FB89647DD33EDB97B8DF0E8B94EADC86F2BD1D4,2018-07-30,950,false
0x98FF1A89EAFB3D2A757C073C0FB89647DD33EDB97B8DF0E8B94EADC86F2BD1D4,2018-07-30,960,false
0x98FF1A89EAFB3D2A757C073C0FB89647DD33EDB97B8DF0E8B94EADC86F2BD1D4,2018-07-30,970,true
0x98FF1A89EAFB3D2A757C073C0FB89647DD33EDB97B8DF0E8B94EADC86F2BD1D4,2018-07-30,980,true
0x98FF1A89EAFB3D2A757C073C0FB89647DD33EDB97B8DF0E8B94EADC86F2BD1D4,2018-07-30,990,true
0x92C604CF82CF16CB1BD33732B537F86D007B7BC48C8CAC6BA36C7D0F95364E30,2011-05-28,758,true
0x92C604CF82CF16CB1BD33732B537F86D007B7BC48C8CAC6BA36C7D0F95364E30,2011-05-28,768,true
0x92C604CF82CF16CB1BD33732B537F86D007B7BC48C8CAC6BA36C7D0F95364E30,2011-05-28,778,false
0x92C604CF82CF16CB1BD33732B537F86D007B7BC48C8CAC6BA36C7D0F95364E30,2011-05-28,788,false
0x92C604CF82CF16CB1BD33732B537F86D007B7BC48C8CAC6BA36C7D0F95364E30,2011-05-28,798,false
0x92C604CF82CF16CB1BD33732B537F86D007B7BC48C8CAC6BA36C7D0F95364E30,2014-05-18,708,false
0x92C604CF82CF16CB1BD33732B537F86D007B7BC48C8CAC6BA36C7D0F95364E30,2014-05-18,718,false
0x92C604CF82CF16CB1BD33732B537F86D007B7BC48C8CAC6BA36C7D0F95364E30,2014-05-18,728,true
0x92C604CF82CF16CB1BD33732B537F86D007B7BC48C8CAC6BA36C7D0F95364E30,2014-05-18,738,false
0x92C604CF82CF16CB1BD33732B537F86D007B7BC48C8CAC6BA36C7D0F95364E30,2014-05-18,748,true
0x58A3F88CAD27FB414123EF8C7A04C72331462E559ADB67992A01099591D63FDB,2020-09-01,200,true
0x58A3F88CAD27FB414123EF8C7A04C72331462E559ADB67992A01099591D63FDB,2020-09-01,210,true
0x58A3F88CAD27FB414123EF8C7A04C72331462E559ADB67992A01099591D63FDB,2020-09-01,220,false
0x58A3F88CAD27FB414123EF8C7A04C72331462E559ADB67992A01099591D63FDB,2020-09-01,230,false
0x58A3F88CAD27FB414123EF8C7A04C72331462E559ADB67992A01099591D63FDB,2020-09-01,240,true
0x58A3F88CAD27FB414123EF8C7A04C72331462E559ADB67992A01099591D63FDB,2020-09-01,250,true
0x58A3F88CAD27FB414123EF8C7A04C72331462E559ADB67992A01099591D63FDB,2020-09-01,260,true
0x58A3F88CAD27FB414123EF8C7A04C72331462E559ADB67992A01099591D63FDB,2020-09-01,270,true
0x58A3F88CAD27FB414123EF8C7A04C72331462E559ADB67992A01099591D63FDB,2020-09-01,280,false
0x58A3F88CAD27FB414123EF8C7A04C72331462E559ADB67992A01099591D63FDB,2020-09-01,290,false
0xCA214EDB9EEB0E560A311D7BF7DEDE484E3A87874D7CE0AE206965CE55771BDD,2010-08-25,859,false
0xCA214EDB9EEB0E560A311D7BF7DEDE484E3A87874D7CE0AE206965CE55771BDD,2010-08-25,869,true
0xCA214EDB9EEB0E560A311D7BF7DEDE484E3A87874D7CE0AE206965CE55771BDD,2010-08-25,879,true
0xCA214EDB9EEB0E560A311D7BF7DEDE484E3A87874D7CE0AE206965CE55771BDD,2010-08-25,889,true
0xCA214EDB9EEB0E560A311D7BF7DEDE484E3A87874D7CE0AE206965CE55771BDD,2010-08-25,899,false
0xCA214EDB9EEB0E560A311D7BF7DEDE484E3A87874D7CE0AE206965CE55771BDD,2021-08-15,809,false
0xCA214EDB9EEB0E560A311D7BF7DEDE484E3A87874D7CE0AE206965CE55771BDD,2021-08-15,819,true
0xCA214EDB9EEB0E560A311D7BF7DEDE484E3A87874D7CE0AE206965CE55771BDD,2021-08-15,829,true
0xCA214EDB9EEB0E560A311D7BF7DEDE484E3A87874D7CE0AE206965CE55771BDD,2021-08-15,839,false
0xCA214EDB9EEB0E560A311D7BF7DEDE484E3A87874D7CE0AE206965CE55771BDD,2021-08-15,849,false
0xB87D95FF5B487918D70691A2CF66041989A0308D19AFFA9849AF720A84D5D1CE,2011-06-01,906,true
0xB87D95FF5B487918D70691A2CF66041989A0308D19AFFA9849AF720A84D5D1CE,2011-06-01,916,true
0xB87D95FF5B487918D70691A2CF66041989A0308D19AFFA9849AF720A84D5D1CE,2011-06-01,926,false
0xB87D95FF5B487918D70691A2CF66041989A0308D19AFFA9849AF720A84D5D1CE,2011-06-01,936,false
0xB87D95FF5B487918D70691A2CF66041989A0308D19AFFA9849AF720A84D5D1CE,2011-06-01,946,true
0xB87D95FF5B487918D70691A2CF66041989A0308D19AFFA9849AF720A84D5D1CE,2011-06-01,956,true
0xB87D95FF5B487918D70691A2CF66041989A0308D19AFFA9849AF720A84D5D1CE,2011-06-01,966,true
0xB87D95FF5B487918D70691A2CF66041989A0308D19AFFA9849AF720A84D5D1CE,2011-06-01,976,false
0xB87D95FF5B487918D70691A2CF66041989A0308D19AFFA9849AF720A84D5D1CE,2011-06-01,986,false
0xB87D95FF5B487918D70691A2CF66041989A0308D19AFFA9849AF720A84D5D1CE,2011-06-01,996,true
0xBA96E7C7C9B010C7727B79134965FA924EFD21986AFA7AE07064299CB4246DDD,2012-11-22,306,true
0xBA96E7C7C9B010C7727B79134965FA924EFD21986AFA7AE07064299CB4246DDD,2012-11-22,316,true
0xBA96E7C7C9B010C7727B79134965FA924EFD21986AFA7AE07064299CB4246DDD,2012-11-22,326,false
0xBA96E7C7C9B010C7727B79134965FA924EFD21986AFA7AE07064299CB4246DDD,2012-11-22,336,false
0xBA96E7C7C9B010C7727B79134965FA924EFD21986AFA7AE07064299CB4246DDD,2012-11-22,346,false
0xBA96E7C7C9B010C7727B79134965FA924EFD21986AFA7AE07064299CB4246DDD,2012-11-22,356,true
0xBA96E7C7C9B010C7727B79134965FA924EFD21986AFA7AE07064299CB4246DDD,2012-11-22,366,true
0xBA96E7C7C9B010C7727B79134965FA924EFD21986AFA7AE07064299CB4246DDD,2012-11-22,376,false
0xBA96E7C7C9B010C7727B79134965FA924EFD21986AFA7AE07064299CB4246DDD,2012-11-22,386,false
0xBA96E7C7C9B010C7727B79134965FA924EFD21986AFA7AE07064299CB4246DDD,2012-11-22,396,false
0xACD872C2F1DC0C07395155351ECC1F19E59BD641F6812FC72479C9757D2D626A,2014-02-28,356,false
0xACD872C2F1DC0C07395155351ECC1F19E59BD641F6812FC72479C9757D2D626A,2014-02-28,366,true
0xACD872C2F1DC0C07395155351ECC1F19E59BD641F6812FC72479C9757D2D626A,2014-02-28,376,true
0xACD872C2F1DC0C07395155351ECC1F19E59BD641F6812FC72479C9757D2D626A,2014-02-28,386,true
0xACD872C2F1DC0C07395155351ECC1F19E59BD641F6812FC72479C9757D2D626A,2014-02-28,396,false
0xACD872C2F1DC0C07395155351ECC1F19E59BD641F6812FC72479C9757D2D626A,2022-12-18,306,false
0xACD872C2F1DC0C07395155351ECC1F19E59BD641F6812FC72479C9757D2D626A,2022-12-18,316,false
0xACD872C2F1DC0C07395155351ECC1F19E59BD641F6812FC72479C9757D2D626A,2022-12-18,326,true
0xACD872C2F1DC0C07395155351ECC1F19E59BD641F6812FC72479C9757D2D626A,2022-12-18,336,true
0xACD872C2F1DC0C07395155351ECC1F19E59BD641F6812FC72479C9757D2D626A,2022-12-18,346,false
0x1F2AA8A78ABFCBF190BFFB7BF2D5489EDFECD95CA51F39C892DE5A760CD97EA4,2021-08-04,51,false
0x1F2AA8A78ABFCBF190BFFB7BF2D5489EDFECD95CA51F39C892DE5A760CD97EA4,2021-08-04,61,true
0x1F2AA8A78ABFCBF190BFFB7BF2D5489EDFECD95CA51F39C892DE5A760CD97EA4,2021-08-04,71,true
0x1F2AA8A78ABFCBF190BFFB7BF2D5489EDFECD95CA51F39C892DE5A760CD97EA4,2021-08-04,81,false
0x1F2AA8A78ABFCBF190BFFB7BF2D5489EDFECD95CA51F39C892DE5A760CD97EA4,2021-08-04,91,false
0x1F2AA8A78ABFCBF190BFFB7BF2D5489EDFECD95CA51F39C892DE5A760CD97EA4,2022-08-04,1,false
0x1F2AA8A78ABFCBF190BFFB7BF2D5489EDFECD95CA51F39C892DE5A760CD97EA4,2022-08-04,11,true
0x1F2AA8A78ABFCBF190BFFB7BF2D5489EDFECD95CA51F39C892DE5A760CD97EA4,2022-08-04,31,true
0x1F2AA8A78ABFCBF190BFFB7BF2D5489EDFECD95CA51F39C892DE5A760CD97EA4,2022-08-04,41,false
0xF25E7C76CF20096907E6ED7194E8DEB15704E24A01E3AE318F07DB2A68CAB7EF,2011-03-29,851,false
0xF25E7C76CF20096907E6ED7194E8DEB15704E24A01E3AE318F07DB2A68CAB7EF,2011-03-29,861,true
0xF25E7C76CF20096907E6ED7194E8DEB15704E24A01E3AE318F07DB2A68CAB7EF,2011-03-29,871,true
0xF25E7C76CF20096907E6ED7194E8DEB15704E24A01E3AE318F07DB2A68CAB7EF,2011-03-29,881,true
0xF25E7C76CF20096907E6ED7194E8DEB15704E24A01E3AE318F07DB2A68CAB7EF,2011-03-29,891,false
0xF25E7C76CF20096907E6ED7194E8DEB15704E24A01E3AE318F07DB2A68CAB7EF,2017-03-19,801,true
0xF25E7C76CF20096907E6ED7194E8DEB15704E24A01E3AE318F07DB2A68CAB7EF,2017-03-19,811,false
0xF25E7C76CF20096907E6ED7194E8DEB15704E24A01E3AE318F07DB2A68CAB7EF,2017-03-19,821,false
0xF25E7C76CF20096907E6ED7194E8DEB15704E24A01E3AE318F07DB2A68CAB7EF,2017-03-19,831,false
0xF25E7C76CF20096907E6ED7194E8DEB15704E24A01E3AE318F07DB2A68CAB7EF,2017-03-19,841,false
0x312290CADA8D18E936FF643027ECD204751A13FB4683AD638CF005B3BB22A11D,2021-03-07,100,true
0x312290CADA8D18E936FF643027ECD204751A13FB4683AD638CF005B3BB22A11D,2021-03-07,111,false
0x312290CADA8D18E936FF643027ECD204751A13FB4683AD638CF005B3BB22A11D,2021-03-07,120,true
0x312290CADA8D18E936FF643027ECD204751A13FB4683AD638CF005B3BB22A11D,2021-03-07,132,false
0x312290CADA8D18E936FF643027ECD204751A13FB4683AD638CF005B3BB22A11D,2021-03-07,141,true
0x312290CADA8D18E936FF643027ECD204751A13FB4683AD638CF005B3BB22A11D,2021-09-07,157,true
0x312290CADA8D18E936FF643027ECD204751A13FB4683AD638CF005B3BB22A11D,2021-09-07,167,true
0x312290CADA8D18E936FF643027ECD204751A13FB4683AD638CF005B3BB22A11D,2021-09-07,179,true
0x312290CADA8D18E936FF643027ECD204751A13FB4683AD638CF005B3BB22A11D,2021-09-07,182,false
0x312290CADA8D18E936FF643027ECD204751A13FB4683AD638CF005B3BB22A11D,2021-09-07,192,false
0xE6589E4E146DCEB0B48B17FB1D9B9522A0CDD0AF1FFC3E72DD5B938EBC9A1CFE,2014-01-02,202,true
0xE6589E4E146DCEB0B48B17FB1D9B9522A0CDD0AF1FFC3E72DD5B938EBC9A1CFE,2014-01-02,212,true
0xE6589E4E146DCEB0B48B17FB1D9B9522A0CDD0AF1FFC3E72DD5B938EBC9A1CFE,2014-01-02,222,false
0xE6589E4E146DCEB0B48B17FB1D9B9522A0CDD0AF1FFC3E72DD5B938EBC9A1CFE,2014-01-02,232,false
0xE6589E4E146DCEB0B48B17FB1D9B9522A0CDD0AF1FFC3E72DD5B938EBC9A1CFE,2014-01-02,242,true
0xE6589E4E146DCEB0B48B17FB1D9B9522A0CDD0AF1FFC3E72DD5B938EBC9A1CFE,2014-01-02,252,true
0xE6589E4E146DCEB0B48B17FB1D9B9522A0CDD0AF1FFC3E72DD5B938EBC9A1CFE,2014-01-02,262,true
0xE6589E4E146DCEB0B48B17FB1D9B9522A0CDD0AF1FFC3E72DD5B938EBC9A1CFE,2014-01-02,272,true
0xE6589E4E146DCEB0B48B17FB1D9B9522A0CDD0AF1FFC3E72DD5B938EBC9A1CFE,2014-01-02,282,false
0xE6589E4E146DCEB0B48B17FB1D9B9522A0CDD0AF1FFC3E72DD5B938EBC9A1CFE,2014-01-02,292,false
0xE515BD10FF3685857D83471A2B6D909E2AC808BA9F51329C33AA82BFB76D138D,2015-04-04,806,false
0xE515BD10FF3685857D83471A2B6D909E2AC808BA9F51329C33AA82BFB76D138D,2015-04-04,816,true
0xE515BD10FF3685857D83471A2B6D909E2AC808BA9F51329C33AA82BFB76D138D,2015-04-04,826,true
0xE515BD10FF3685857D83471A2B6D909E2AC808BA9F51329C33AA82BFB76D138D,2015-04-04,836,false
0xE515BD10FF3685857D83471A2B6D909E2AC808BA9F51329C33AA82BFB76D138D,2015-04-04,846,false
0xE515BD10FF3685857D83471A2B6D909E2AC808BA9F51329C33AA82BFB76D138D,2015-04-04,856,true
0xE515BD10FF3685857D83471A2B6D909E2AC808BA9F51329C33AA82BFB76D138D,2015-04-04,866,true
0xE515BD10FF3685857D83471A2B6D909E2AC808BA9F51329C33AA82BFB76D138D,2015-04-04,876,false
0xE515BD10FF3685857D83471A2B6D909E2AC808BA9F51329C33AA82BFB76D138D,2015-04-04,886,true
0xE515BD10FF3685857D83471A2B6D909E2AC808BA9F51329C33AA82BFB76D138D,2015-04-04,896,true
0xED5AE6AEF03A588E3A68528E753024B47D5F4E2A4FE5364D99C8E436DE13AD89,2018-05-30,906,false
0xED5AE6AEF03A588E3A68528E753024B47D5F4E2A4FE5364D99C8E436DE13AD89,2018-05-30,916,true
0xED5AE6AEF03A588E3A68528E753024B47D5F4E2A4FE5364D99C8E436DE13AD89,2020-06-30,926,true
0xED5AE6AEF03A588E3A68528E753024B47D5F4E2A4FE5364D99C8E436DE13AD89,2020-06-30,936,true
0xED5AE6AEF03A588E3A68528E753024B47D5F4E2A4FE5364D99C8E436DE13AD89,2020-06-30,946,true
0xED5AE6AEF03A588E3A68528E753024B47D5F4E2A4FE5364D99C8E436DE13AD89,2020-06-30,956,false
0xED5AE6AEF03A588E3A68528E753024B47D5F4E2A4FE5364D99C8E436DE13AD89,2020-06-30,966,false
0xED5AE6AEF03A588E3A68528E753024B47D5F4E2A4FE5364D99C8E436DE13AD89,2020-06-30,976,false
0xED5AE6AEF03A588E3A68528E753024B47D5F4E2A4FE5364D99C8E436DE13AD89,2020-06-30,986,true
0xED5AE6AEF03A588E3A68528E753024B47D5F4E2A4FE5364D99C8E436DE13AD89,2020-06-30,996,true
0x340EA8318381B680D1CC3CCE171998F73C64DBB12607EF9CAF6D48C686D2FD42,2009-08-28,9,true
0x340EA8318381B680D1CC3CCE171998F73C64DBB12607EF9CAF6D48C686D2FD42,2009-08-28,19,true
0x340EA8318381B680D1CC3CCE171998F73C64DBB12607EF9CAF6D48C686D2FD42,2009-08-28,29,true
0x340EA8318381B680D1CC3CCE171998F73C64DBB12607EF9CAF6D48C686D2FD42,2009-08-28,39,true
0x340EA8318381B680D1CC3CCE171998F73C64DBB12607EF9CAF6D48C686D2FD42,2009-08-28,49,false
0x340EA8318381B680D1CC3CCE171998F73C64DBB12607EF9CAF6D48C686D2FD42,2009-08-28,59,false
0x340EA8318381B680D1CC3CCE171998F73C64DBB12607EF9CAF6D48C686D2FD42,2009-08-28,69,true
0x340EA8318381B680D1CC3CCE171998F73C64DBB12607EF9CAF6D48C686D2FD42,2009-08-28,79,true
0x340EA8318381B680D1CC3CCE171998F73C64DBB12607EF9CAF6D48C686D2FD42,2009-08-28,89,false
0x340EA8318381B680D1CC3CCE171998F73C64DBB12607EF9CAF6D48C686D2FD42,2009-08-28,99,true
0xEFD9A4E6C98571751634613EC268DEF645426FB2088D5D23644488F8777670BC,2020-02-23,158,true
0xEFD9A4E6C98571751634613EC268DEF645426FB2088D5D23644488F8777670BC,2020-02-23,168,true
0xEFD9A4E6C98571751634613EC268DEF645426FB2088D5D23644488F8777670BC,2020-02-23,178,true
0xEFD9A4E6C98571751634613EC268DEF645426FB2088D5D23644488F8777670BC,2020-02-23,188,false
0xEFD9A4E6C98571751634613EC268DEF645426FB2088D5D23644488F8777670BC,2020-02-23,198,false
0xEFD9A4E6C98571751634613EC268DEF645426FB2088D5D23644488F8777670BC,2021-03-23,108,true
0xEFD9A4E6C98571751634613EC268DEF645426FB2088D5D23644488F8777670BC,2021-03-23,118,false
0xEFD9A4E6C98571751634613EC268DEF645426FB2088D5D23644488F8777670BC,2021-03-23,128,false
0xEFD9A4E6C98571751634613EC268DEF645426FB2088D5D23644488F8777670BC,2021-03-23,138,false
0xEFD9A4E6C98571751634613EC268DEF645426FB2088D5D23644488F8777670BC,2021-03-23,148,true
0x55286F76B2B0EA1590F1C220B6A83C0D36DAE028944B48149F6F17A256C31926,2013-08-11,404,true
0x55286F76B2B0EA1590F1C220B6A83C0D36DAE028944B48149F6F17A256C31926,2013-08-11,414,false
0x55286F76B2B0EA1590F1C220B6A83C0D36DAE028944B48149F6F17A256C31926,2013-08-11,424,false
0x55286F76B2B0EA1590F1C220B6A83C0D36DAE028944B48149F6F17A256C31926,2013-08-11,434,false
0x55286F76B2B0EA1590F1C220B6A83C0D36DAE028944B48149F6F17A256C31926,2013-08-11,444,true
0x55286F76B2B0EA1590F1C220B6A83C0D36DAE028944B48149F6F17A256C31926,2013-08-11,454,true
0x55286F76B2B0EA1590F1C220B6A83C0D36DAE028944B48149F6F17A256C31926,2013-08-11,464,false
0x55286F76B2B0EA1590F1C220B6A83C0D36DAE028944B48149F6F17A256C31926,2013-08-11,474,false
0x55286F76B2B0EA1590F1C220B6A83C0D36DAE028944B48149F6F17A256C31926,2013-08-11,484,true
0x55286F76B2B0EA1590F1C220B6A83C0D36DAE028944B48149F6F17A256C31926,2013-08-11,494,true
0x8D7167D4B0134F79CEFEE6A963984DF98E96D603E8400000E918DB45E9B67FE4,2019-09-20,300,false
0x8D7167D4B0134F79CEFEE6A963984DF98E96D603E8400000E918DB45E9B67FE4,2019-09-20,310,false
0x8D7167D4B0134F79CEFEE6A963984DF98E96D603E8400000E918DB45E9B67FE4,2019-09-20,320,true
0x8D7167D4B0134F79CEFEE6A963984DF98E96D603E8400000E918DB45E9B67FE4,2019-09-20,330,true
0x8D7167D4B0134F79CEFEE6A963984DF98E96D603E8400000E918DB45E9B67FE4,2019-09-20,340,true
0x8D7167D4B0134F79CEFEE6A963984DF98E96D603E8400000E918DB45E9B67FE4,2019-09-20,350,false
0x8D7167D4B0134F79CEFEE6A963984DF98E96D603E8400000E918DB45E9B67FE4,2019-09-20,360,false
0x8D7167D4B0134F79CEFEE6A963984DF98E96D603E8400000E918DB45E9B67FE4,2019-09-20,370,false
0x8D7167D4B0134F79CEFEE6A963984DF98E96D603E8400000E918DB45E9B67FE4,2019-09-20,380,true
0x8D7167D4B0134F79CEFEE6A963984DF98E96D603E8400000E918DB45E9B67FE4,2019-09-20,390,true
0xA44F070D6466D7896902D6A23A1DBD02FAF0923D301F5169B976331DD9FA8BBA,2011-12-22,207,false
0xA44F070D6466D7896902D6A23A1DBD02FAF0923D301F5169B976331DD9FA8BBA,2011-12-22,217,false
0xA44F070D6466D7896902D6A23A1DBD02FAF0923D301F5169B976331DD9FA8BBA,2011-12-22,227,true
0xA44F070D6466D7896902D6A23A1DBD02FAF0923D301F5169B976331DD9FA8BBA,2011-12-22,237,true
0xA44F070D6466D7896902D6A23A1DBD02FAF0923D301F5169B976331DD9FA8BBA,2011-12-22,247,false
0xA44F070D6466D7896902D6A23A1DBD02FAF0923D301F5169B976331DD9FA8BBA,2011-12-22,257,false
0xA44F070D6466D7896902D6A23A1DBD02FAF0923D301F5169B976331DD9FA8BBA,2011-12-22,267,false
0xA44F070D6466D7896902D6A23A1DBD02FAF0923D301F5169B976331DD9FA8BBA,2011-12-22,277,true
0xA44F070D6466D7896902D6A23A1DBD02FAF0923D301F5169B976331DD9FA8BBA,2011-12-22,287,true
0xA44F070D6466D7896902D6A23A1DBD02FAF0923D301F5169B976331DD9FA8BBA,2011-12-22,297,true
0x9C1DEF02C9BE242842C1C1ABF2C5AA249A1EEB4763B47FF457133EE9199F1037,2017-03-08,454,false
0x9C1DEF02C9BE242842C1C1ABF2C5AA249A1EEB4763B47FF457133EE9199F1037,2017-03-08,465,true
0x9C1DEF02C9BE242842C1C1ABF2C5AA249A1EEB4763B47FF457133EE9199F1037,2017-03-08,471,true
0x9C1DEF02C9BE242842C1C1ABF2C5AA249A1EEB4763B47FF457133EE9199F1037,2017-03-08,489,true
0x9C1DEF02C9BE242842C1C1ABF2C5AA249A1EEB4763B47FF457133EE9199F1037,2017-03-08,499,true
0x9C1DEF02C9BE242842C1C1ABF2C5AA249A1EEB4763B47FF457133EE9199F1037,2017-05-05,403,false
0x9C1DEF02C9BE242842C1C1ABF2C5AA249A1EEB4763B47FF457133EE9199F1037,2017-05-05,417,false
0x9C1DEF02C9BE242842C1C1ABF2C5AA249A1EEB4763B47FF457133EE9199F1037,2017-05-05,425,true
0x9C1DEF02C9BE242842C1C1ABF2C5AA249A1EEB4763B47FF457133EE9199F1037,2017-05-05,431,true
0x9C1DEF02C9BE242842C1C1ABF2C5AA249A1EEB4763B47FF457133EE9199F1037,2017-05-05,444,false
0xD4B91A58CA271E8A88936FFA4ACEED074D303591A83EEDE1AC7C03BB7A178D34,2012-06-04,4,false
0xD4B91A58CA271E8A88936FFA4ACEED074D303591A83EEDE1AC7C03BB7A178D34,2012-06-04,14,true
0xD4B91A58CA271E8A88936FFA4ACEED074D303591A83EEDE1AC7C03BB7A178D34,2012-06-04,24,true
0xD4B91A58CA271E8A88936FFA4ACEED074D303591A83EEDE1AC7C03BB7A178D34,2012-06-04,34,true
0xD4B91A58CA271E8A88936FFA4ACEED074D303591A83EEDE1AC7C03BB7A178D34,2012-06-04,44,true
0xD4B91A58CA271E8A88936FFA4ACEED074D303591A83EEDE1AC7C03BB7A178D34,2012-06-04,54,true
0xD4B91A58CA271E8A88936FFA4ACEED074D303591A83EEDE1AC7C03BB7A178D34,2012-06-04,64,false
0xD4B91A58CA271E8A88936FFA4ACEED074D303591A83EEDE1AC7C03BB7A178D34,2012-06-04,74,false
0xD4B91A58CA271E8A88936FFA4ACEED074D303591A83EEDE1AC7C03BB7A178D34,2012-06-04,84,false
0xD4B91A58CA271E8A88936FFA4ACEED074D303591A83EEDE1AC7C03BB7A178D34,2012-06-04,94,false
0x307755B4A5EC88E8E9A40819191320FA29BEDEEA7800D6109CBE99B210333E50,2018-05-30,803,true
0x307755B4A5EC88E8E9A40819191320FA29BEDEEA7800D6109CBE99B210333E50,2018-05-30,813,true
0x307755B4A5EC88E8E9A40819191320FA29BEDEEA7800D6109CBE99B210333E50,2018-05-30,823,false
0x307755B4A5EC88E8E9A40819191320FA29BEDEEA7800D6109CBE99B210333E50,2018-05-30,833,false
0x307755B4A5EC88E8E9A40819191320FA29BEDEEA7800D6109CBE99B210333E50,2018-05-30,843,true
0x307755B4A5EC88E8E9A40819191320FA29BEDEEA7800D6109CBE99B210333E50,2018-05-30,853,true
0x307755B4A5EC88E8E9A40819191320FA29BEDEEA7800D6109CBE99B210333E50,2018-05-30,863,true
0x307755B4A5EC88E8E9A40819191320FA29BEDEEA7800D6109CBE99B210333E50,2018-05-30,873,false
0x307755B4A5EC88E8E9A40819191320FA29BEDEEA7800D6109CBE99B210333E50,2018-05-30,883,false
0x307755B4A5EC88E8E9A40819191320FA29BEDEEA7800D6109CBE99B210333E50,2018-05-30,893,false
0x3C34C1FBF79466EBBC6F9881C7BC13F6BC997498E92594C5131A0DB9CFFD38A4,2022-12-12,301,true
0x3C34C1FBF79466EBBC6F9881C7BC13F6BC997498E92594C5131A0DB9CFFD38A4,2022-12-12,311,true
0x3C34C1FBF79466EBBC6F9881C7BC13F6BC997498E92594C5131A0DB9CFFD38A4,2022-12-12,321,true
0x3C34C1FBF79466EBBC6F9881C7BC13F6BC997498E92594C5131A0DB9CFFD38A4,2022-12-12,331,false
0x3C34C1FBF79466EBBC6F9881C7BC13F6BC997498E92594C5131A0DB9CFFD38A4,2022-12-12,341,false
0x3C34C1FBF79466EBBC6F9881C7BC13F6BC997498E92594C5131A0DB9CFFD38A4,2022-12-12,351,true
0x3C34C1FBF79466EBBC6F9881C7BC13F6BC997498E92594C5131A0DB9CFFD38A4,2022-12-12,361,true
0x3C34C1FBF79466EBBC6F9881C7BC13F6BC997498E92594C5131A0DB9CFFD38A4,2022-12-12,371,false
0x3C34C1FBF79466EBBC6F9881C7BC13F6BC997498E92594C5131A0DB9CFFD38A4,2022-12-12,381,false
0x3C34C1FBF79466EBBC6F9881C7BC13F6BC997498E92594C5131A0DB9CFFD38A4,2022-12-12,391,true
0x3C34C1FBF79466EBBC6F9881C7BC13F6BC997498E92594C5131A0DB9CFFD38A4,2022-12-12,398,true
0x34945EE9854863A3443042E9D53C6DD6EAFC97FE8EFA6EA74176750906E1AC33,2010-12-12,108,true
0x34945EE9854863A3443042E9D53C6DD6EAFC97FE8EFA6EA74176750906E1AC33,2010-12-12,118,false
0x34945EE9854863A3443042E9D53C6DD6EAFC97FE8EFA6EA74176750906E1AC33,2010-12-12,128,false
0x34945EE9854863A3443042E9D53C6DD6EAFC97FE8EFA6EA74176750906E1AC33,2010-12-12,138,false
0x34945EE9854863A3443042E9D53C6DD6EAFC97FE8EFA6EA74176750906E1AC33,2010-12-12,148,true
0x34945EE9854863A3443042E9D53C6DD6EAFC97FE8EFA6EA74176750906E1AC33,2010-12-12,158,true
0x34945EE9854863A3443042E9D53C6DD6EAFC97FE8EFA6EA74176750906E1AC33,2010-12-12,168,true
0x34945EE9854863A3443042E9D53C6DD6EAFC97FE8EFA6EA74176750906E1AC33,2010-12-12,178,false
0x34945EE9854863A3443042E9D53C6DD6EAFC97FE8EFA6EA74176750906E1AC33,2010-12-12,188,false
0x34945EE9854863A3443042E9D53C6DD6EAFC97FE8EFA6EA74176750906E1AC33,2010-12-12,198,false
0x7A07F413A66AFD26910FEEC82AF0365F7EF7CF4C2B4C7A1E7898921B59DB5A80,2015-11-20,653,false
0x7A07F413A66AFD26910FEEC82AF0365F7EF7CF4C2B4C7A1E7898921B59DB5A80,2015-11-20,663,true
0x7A07F413A66AFD26910FEEC82AF0365F7EF7CF4C2B4C7A1E7898921B59DB5A80,2015-11-20,673,true
0x7A07F413A66AFD26910FEEC82AF0365F7EF7CF4C2B4C7A1E7898921B59DB5A80,2015-11-20,683,true
0x7A07F413A66AFD26910FEEC82AF0365F7EF7CF4C2B4C7A1E7898921B59DB5A80,2015-11-20,693,true
0x7A07F413A66AFD26910FEEC82AF0365F7EF7CF4C2B4C7A1E7898921B59DB5A80,2019-10-20,603,true
0x7A07F413A66AFD26910FEEC82AF0365F7EF7CF4C2B4C7A1E7898921B59DB5A80,2019-10-20,613,true
0x7A07F413A66AFD26910FEEC82AF0365F7EF7CF4C2B4C7A1E7898921B59DB5A80,2019-10-20,623,true
0x7A07F413A66AFD26910FEEC82AF0365F7EF7CF4C2B4C7A1E7898921B59DB5A80,2019-10-20,633,false
0x7A07F413A66AFD26910FEEC82AF0365F7EF7CF4C2B4C7A1E7898921B59DB5A80,2019-10-20,643,false
0xCA99A50EA793417FF783164EDB6AC5AA95700ACAFB8AFF63252D8A25A684226B,2019-05-06,900,false
0xCA99A50EA793417FF783164EDB6AC5AA95700ACAFB8AFF63252D8A25A684226B,2019-05-06,910,false
0xCA99A50EA793417FF783164EDB6AC5AA95700ACAFB8AFF63252D8A25A684226B,2019-05-06,920,true
0xCA99A50EA793417FF783164EDB6AC5AA95700ACAFB8AFF63252D8A25A684226B,2019-05-06,930,true
0xCA99A50EA793417FF783164EDB6AC5AA95700ACAFB8AFF63252D8A25A684226B,2019-05-06,940,true
0xCA99A50EA793417FF783164EDB6AC5AA95700ACAFB8AFF63252D8A25A684226B,2019-05-06,950,false
0xCA99A50EA793417FF783164EDB6AC5AA95700ACAFB8AFF63252D8A25A684226B,2020-05-06,960,false
0xCA99A50EA793417FF783164EDB6AC5AA95700ACAFB8AFF63252D8A25A684226B,2020-05-06,970,true
0xCA99A50EA793417FF783164EDB6AC5AA95700ACAFB8AFF63252D8A25A684226B,2020-05-06,980,true
0xCA99A50EA793417FF783164EDB6AC5AA95700ACAFB8AFF63252D8A25A684226B,2020-05-06,990,true
0x68010434A46BA6CEAFFACF00B7B7CD0E1825DC56E68F6E77CA9BAFF5334BACEC,2019-02-22,405,false
0x68010434A46BA6CEAFFACF00B7B7CD0E1825DC56E68F6E77CA9BAFF5334BACEC,2019-02-22,415,false
0x68010434A46BA6CEAFFACF00B7B7CD0E1825DC56E68F6E77CA9BAFF5334BACEC,2019-02-22,425,false
0x68010434A46BA6CEAFFACF00B7B7CD0E1825DC56E68F6E77CA9BAFF5334BACEC,2019-02-22,435,false
0x68010434A46BA6CEAFFACF00B7B7CD0E1825DC56E68F6E77CA9BAFF5334BACEC,2019-02-22,445,true
0x68010434A46BA6CEAFFACF00B7B7CD0E1825DC56E68F6E77CA9BAFF5334BACEC,2019-12-22,455,true
0x68010434A46BA6CEAFFACF00B7B7CD0E1825DC56E68F6E77CA9BAFF5334BACEC,2019-12-22,465,true
0x68010434A46BA6CEAFFACF00B7B7CD0E1825DC56E68F6E77CA9BAFF5334BACEC,2019-12-22,475,true
0x68010434A46BA6CEAFFACF00B7B7CD0E1825DC56E68F6E77CA9BAFF5334BACEC,2019-12-22,485,false
0x68010434A46BA6CEAFFACF00B7B7CD0E1825DC56E68F6E77CA9BAFF5334BACEC,2019-12-22,495,false
0x2CA7136EABCC38FBE68E76B9D8EC465980428438777F79D6E0F2CEB6795CB9FB,2016-04-12,405,true
0x2CA7136EABCC38FBE68E76B9D8EC465980428438777F79D6E0F2CEB6795CB9FB,2016-04-12,415,false
0x2CA7136EABCC38FBE68E76B9D8EC465980428438777F79D6E0F2CEB6795CB9FB,2016-04-12,425,false
0x2CA7136EABCC38FBE68E76B9D8EC465980428438777F79D6E0F2CEB6795CB9FB,2016-04-12,435,false
0x2CA7136EABCC38FBE68E76B9D8EC465980428438777F79D6E0F2CEB6795CB9FB,2016-04-12,445,false
0x2CA7136EABCC38FBE68E76B9D8EC465980428438777F79D6E0F2CEB6795CB9FB,2016-05-12,455,true
0x2CA7136EABCC38FBE68E76B9D8EC465980428438777F79D6E0F2CEB6795CB9FB,2016-05-12,465,true
0x2CA7136EABCC38FBE68E76B9D8EC465980428438777F79D6E0F2CEB6795CB9FB,2016-05-12,475,true
0x2CA7136EABCC38FBE68E76B9D8EC465980428438777F79D6E0F2CEB6795CB9FB,2016-05-12,485,false
0x2CA7136EABCC38FBE68E76B9D8EC465980428438777F79D6E0F2CEB6795CB9FB,2016-05-12,495,false
0x27E1B189D78E6E5E6635234F11705A78A43F3FFBA994C0E5A82FCDFC7F86596D,2011-11-12,9,true
0x27E1B189D78E6E5E6635234F11705A78A43F3FFBA994C0E5A82FCDFC7F86596D,2011-11-12,19,false
0x27E1B189D78E6E5E6635234F11705A78A43F3FFBA994C0E5A82FCDFC7F86596D,2011-11-12,29,false
0x27E1B189D78E6E5E6635234F11705A78A43F3FFBA994C0E5A82FCDFC7F86596D,2011-11-12,39,true
0x27E1B189D78E6E5E6635234F11705A78A43F3FFBA994C0E5A82FCDFC7F86596D,2011-11-12,49,true
0x27E1B189D78E6E5E6635234F11705A78A43F3FFBA994C0E5A82FCDFC7F86596D,2011-11-12,59,true
0x27E1B189D78E6E5E6635234F11705A78A43F3FFBA994C0E5A82FCDFC7F86596D,2011-11-12,69,false
0x27E1B189D78E6E5E6635234F11705A78A43F3FFBA994C0E5A82FCDFC7F86596D,2011-11-12,79,false
0x27E1B189D78E6E5E6635234F11705A78A43F3FFBA994C0E5A82FCDFC7F86596D,2011-11-12,89,true
0x27E1B189D78E6E5E6635234F11705A78A43F3FFBA994C0E5A82FCDFC7F86596D,2011-11-12,99,true
0x99563F7CC6A2E703B48149D7D681524E435F078FE18844FD4D27C92A1AF9473C,2018-08-23,859,false
0x99563F7CC6A2E703B48149D7D681524E435F078FE18844FD4D27C92A1AF9473C,2018-08-23,869,false
0x99563F7CC6A2E703B48149D7D681524E435F078FE18844FD4D27C92A1AF9473C,2018-08-23,879,false
0x99563F7CC6A2E703B48149D7D681524E435F078FE18844FD4D27C92A1AF9473C,2018-08-23,889,true
0x99563F7CC6A2E703B48149D7D681524E435F078FE18844FD4D27C92A1AF9473C,2018-08-23,899,true
0x99563F7CC6A2E703B48149D7D681524E435F078FE18844FD4D27C92A1AF9473C,2018-09-23,809,false
0x99563F7CC6A2E703B48149D7D681524E435F078FE18844FD4D27C92A1AF9473C,2018-09-23,819,false
0x99563F7CC6A2E703B48149D7D681524E435F078FE18844FD4D27C92A1AF9473C,2018-09-23,829,true
0x99563F7CC6A2E703B48149D7D681524E435F078FE18844FD4D27C92A1AF9473C,2018-09-23,839,true
0x99563F7CC6A2E703B48149D7D681524E435F078FE18844FD4D27C92A1AF9473C,2018-09-23,849,true
0xAB7AC547231833569C05758686EA1F31A57136BA9241ED9D47A3FCD7B926E1FB,2023-09-30,109,true
0xAB7AC547231833569C05758686EA1F31A57136BA9241ED9D47A3FCD7B926E1FB,2023-09-30,119,true
0xAB7AC547231833569C05758686EA1F31A57136BA9241ED9D47A3FCD7B926E1FB,2023-09-30,129,false
0xAB7AC547231833569C05758686EA1F31A57136BA9241ED9D47A3FCD7B926E1FB,2023-09-30,139,false
0xAB7AC547231833569C05758686EA1F31A57136BA9241ED9D47A3FCD7B926E1FB,2023-09-30,149,true
0xAB7AC547231833569C05758686EA1F31A57136BA9241ED9D47A3FCD7B926E1FB,2023-09-30,159,true
0xAB7AC547231833569C05758686EA1F31A57136BA9241ED9D47A3FCD7B926E1FB,2023-09-30,169,true
0xAB7AC547231833569C05758686EA1F31A57136BA9241ED9D47A3FCD7B926E1FB,2023-09-30,179,false
0xAB7AC547231833569C05758686EA1F31A57136BA9241ED9D47A3FCD7B926E1FB,2023-09-30,189,false
0xAB7AC547231833569C05758686EA1F31A57136BA9241ED9D47A3FCD7B926E1FB,2023-09-30,199,false
0xD9D899DA4FB0CF23FDF902C1B237A30AE854FFBC79FC67092F2E6358FF5E9308,2017-03-08,856,true
0xD9D899DA4FB0CF23FDF902C1B237A30AE854FFBC79FC67092F2E6358FF5E9308,2017-03-08,866,true
0xD9D899DA4FB0CF23FDF902C1B237A30AE854FFBC79FC67092F2E6358FF5E9308,2017-03-08,876,true
0xD9D899DA4FB0CF23FDF902C1B237A30AE854FFBC79FC67092F2E6358FF5E9308,2017-03-08,889,false
0xD9D899DA4FB0CF23FDF902C1B237A30AE854FFBC79FC67092F2E6358FF5E9308,2017-03-08,899,true
0xD9D899DA4FB0CF23FDF902C1B237A30AE854FFBC79FC67092F2E6358FF5E9308,2017-05-05,803,true
0xD9D899DA4FB0CF23FDF902C1B237A30AE854FFBC79FC67092F2E6358FF5E9308,2017-05-05,811,true
0xD9D899DA4FB0CF23FDF902C1B237A30AE854FFBC79FC67092F2E6358FF5E9308,2017-05-05,821,false
0xD9D899DA4FB0CF23FDF902C1B237A30AE854FFBC79FC67092F2E6358FF5E9308,2017-05-05,834,false
0xD9D899DA4FB0CF23FDF902C1B237A30AE854FFBC79FC67092F2E6358FF5E9308,2017-05-05,844,false
0x08BD8F4556252D8B240B57AA10D890C48751DCE40AFC7DF6549D4BFE2C1FE3BC,2012-10-12,900,false
0x08BD8F4556252D8B240B57AA10D890C48751DCE40AFC7DF6549D4BFE2C1FE3BC,2012-10-12,910,true
0x08BD8F4556252D8B240B57AA10D890C48751DCE40AFC7DF6549D4BFE2C1FE3BC,2012-10-12,920,true
0x08BD8F4556252D8B240B57AA10D890C48751DCE40AFC7DF6549D4BFE2C1FE3BC,2012-10-12,930,true
0x08BD8F4556252D8B240B57AA10D890C48751DCE40AFC7DF6549D4BFE2C1FE3BC,2012-10-12,940,false
0x08BD8F4556252D8B240B57AA10D890C48751DCE40AFC7DF6549D4BFE2C1FE3BC,2012-10-12,950,true
0x08BD8F4556252D8B240B57AA10D890C48751DCE40AFC7DF6549D4BFE2C1FE3BC,2012-10-12,960,true
0x08BD8F4556252D8B240B57AA10D890C48751DCE40AFC7DF6549D4BFE2C1FE3BC,2012-10-12,970,false
0x08BD8F4556252D8B240B57AA10D890C48751DCE40AFC7DF6549D4BFE2C1FE3BC,2012-10-12,980,true
0x08BD8F4556252D8B240B57AA10D890C48751DCE40AFC7DF6549D4BFE2C1FE3BC,2012-10-12,990,true
0x30F29616DE48F6EDCB1280648BEDA7A9C4683E364B413CA24CD488BF84ABD3B4,2017-02-12,306,true
0x30F29616DE48F6EDCB1280648BEDA7A9C4683E364B413CA24CD488BF84ABD3B4,2017-02-12,316,false
0x30F29616DE48F6EDCB1280648BEDA7A9C4683E364B413CA24CD488BF84ABD3B4,2017-02-12,326,false
0x30F29616DE48F6EDCB1280648BEDA7A9C4683E364B413CA24CD488BF84ABD3B4,2017-02-12,336,true
0x30F29616DE48F6EDCB1280648BEDA7A9C4683E364B413CA24CD488BF84ABD3B4,2017-02-12,346,true
0x30F29616DE48F6EDCB1280648BEDA7A9C4683E364B413CA24CD488BF84ABD3B4,2017-03-12,356,false
0x30F29616DE48F6EDCB1280648BEDA7A9C4683E364B413CA24CD488BF84ABD3B4,2017-03-12,366,false
0x30F29616DE48F6EDCB1280648BEDA7A9C4683E364B413CA24CD488BF84ABD3B4,2017-03-12,376,false
0x30F29616DE48F6EDCB1280648BEDA7A9C4683E364B413CA24CD488BF84ABD3B4,2017-03-12,386,true
0x30F29616DE48F6EDCB1280648BEDA7A9C4683E364B413CA24CD488BF84ABD3B4,2017-03-12,396,true
0xB4C7C37787665CC1D66C6AD00A6F1C12EA34267D1B92A420FA6F3966329BC10B,2016-12-10,803,true
0xB4C7C37787665CC1D66C6AD00A6F1C12EA34267D1B92A420FA6F3966329BC10B,2016-12-10,813,false
0xB4C7C37787665CC1D66C6AD00A6F1C12EA34267D1B92A420FA6F3966329BC10B,2016-12-10,823,false
0xB4C7C37787665CC1D66C6AD00A6F1C12EA34267D1B92A420FA6F3966329BC10B,2016-12-10,833,true
0xB4C7C37787665CC1D66C6AD00A6F1C12EA34267D1B92A420FA6F3966329BC10B,2016-12-10,843,true
0xB4C7C37787665CC1D66C6AD00A6F1C12EA34267D1B92A420FA6F3966329BC10B,2016-12-10,853,true
0xB4C7C37787665CC1D66C6AD00A6F1C12EA34267D1B92A420FA6F3966329BC10B,2016-12-10,863,true
0xB4C7C37787665CC1D66C6AD00A6F1C12EA34267D1B92A420FA6F3966329BC10B,2016-12-10,873,false
0xB4C7C37787665CC1D66C6AD00A6F1C12EA34267D1B92A420FA6F3966329BC10B,2016-12-10,883,false
0xB4C7C37787665CC1D66C6AD00A6F1C12EA34267D1B92A420FA6F3966329BC10B,2016-12-10,893,true
0x8AA09DB5EE0CD2F90788C7A035ACF3908045C48B180914BD43972093D860D961,2013-01-05,59,true
0x8AA09DB5EE0CD2F90788C7A035ACF3908045C48B180914BD43972093D860D961,2013-01-05,69,false
0x8AA09DB5EE0CD2F90788C7A035ACF3908045C48B180914BD43972093D860D961,2013-01-05,79,false
0x8AA09DB5EE0CD2F90788C7A035ACF3908045C48B180914BD43972093D860D961,2013-01-05,89,true
0x8AA09DB5EE0CD2F90788C7A035ACF3908045C48B180914BD43972093D860D961,2013-01-05,99,true
0x8AA09DB5EE0CD2F90788C7A035ACF3908045C48B180914BD43972093D860D961,2023-01-01,9,true
0x8AA09DB5EE0CD2F90788C7A035ACF3908045C48B180914BD43972093D860D961,2023-01-01,19,true
0x8AA09DB5EE0CD2F90788C7A035ACF3908045C48B180914BD43972093D860D961,2023-01-01,29,false
0x8AA09DB5EE0CD2F90788C7A035ACF3908045C48B180914BD43972093D860D961,2023-01-01,39,false
0x8AA09DB5EE0CD2F90788C7A035ACF3908045C48B180914BD43972093D860D961,2023-01-01,49,true
0x757A4A102E1FF0F85F4AA3B06C683900BB4D8510ABD4DDB0015375C57A3589CF,2012-12-20,702,true
0x757A4A102E1FF0F85F4AA3B06C683900BB4D8510ABD4DDB0015375C57A3589CF,2012-12-20,712,true
0x757A4A102E1FF0F85F4AA3B06C683900BB4D8510ABD4DDB0015375C57A3589CF,2012-12-20,722,true
0x757A4A102E1FF0F85F4AA3B06C683900BB4D8510ABD4DDB0015375C57A3589CF,2012-12-20,732,false
0x757A4A102E1FF0F85F4AA3B06C683900BB4D8510ABD4DDB0015375C57A3589CF,2012-12-20,742,false
0x757A4A102E1FF0F85F4AA3B06C683900BB4D8510ABD4DDB0015375C57A3589CF,2022-03-09,752,false
0x757A4A102E1FF0F85F4AA3B06C683900BB4D8510ABD4DDB0015375C57A3589CF,2022-03-09,762,true
0x757A4A102E1FF0F85F4AA3B06C683900BB4D8510ABD4DDB0015375C57A3589CF,2022-03-09,772,true
0x757A4A102E1FF0F85F4AA3B06C683900BB4D8510ABD4DDB0015375C57A3589CF,2022-03-09,782,false
0x757A4A102E1FF0F85F4AA3B06C683900BB4D8510ABD4DDB0015375C57A3589CF,2022-03-09,792,true
0x5EC9E6EC77BCC5A550B7F67C21AEB9DD3F6AD5FB19EDE0FEE08C8F2A01D94309,2010-01-10,405,true
0x5EC9E6EC77BCC5A550B7F67C21AEB9DD3F6AD5FB19EDE0FEE08C8F2A01D94309,2010-01-10,415,true
0x5EC9E6EC77BCC5A550B7F67C21AEB9DD3F6AD5FB19EDE0FEE08C8F2A01D94309,2010-01-10,425,false
0x5EC9E6EC77BCC5A550B7F67C21AEB9DD3F6AD5FB19EDE0FEE08C8F2A01D94309,2010-01-10,435,false
0x5EC9E6EC77BCC5A550B7F67C21AEB9DD3F6AD5FB19EDE0FEE08C8F2A01D94309,2010-01-10,445,true
0x5EC9E6EC77BCC5A550B7F67C21AEB9DD3F6AD5FB19EDE0FEE08C8F2A01D94309,2010-01-10,455,true
0x5EC9E6EC77BCC5A550B7F67C21AEB9DD3F6AD5FB19EDE0FEE08C8F2A01D94309,2010-01-10,465,false
0x5EC9E6EC77BCC5A550B7F67C21AEB9DD3F6AD5FB19EDE0FEE08C8F2A01D94309,2010-01-10,475,true
0x5EC9E6EC77BCC5A550B7F67C21AEB9DD3F6AD5FB19EDE0FEE08C8F2A01D94309,2010-01-10,485,false
0x5EC9E6EC77BCC5A550B7F67C21AEB9DD3F6AD5FB19EDE0FEE08C8F2A01D94309,2010-01-10,495,false
0x00B1F7814E66FD1490875582DD6EDACF5006E60871F8654F11E093AA2D288941,2007-10-04,605,true
0x00B1F7814E66FD1490875582DD6EDACF5006E60871F8654F11E093AA2D288941,2007-10-04,615,true
0x00B1F7814E66FD1490875582DD6EDACF5006E60871F8654F11E093AA2D288941,2007-10-04,625,false
0x00B1F7814E66FD1490875582DD6EDACF5006E60871F8654F11E093AA2D288941,2007-10-04,635,false
0x00B1F7814E66FD1490875582DD6EDACF5006E60871F8654F11E093AA2D288941,2007-10-04,645,false
0x00B1F7814E66FD1490875582DD6EDACF5006E60871F8654F11E093AA2D288941,2007-10-04,655,true
0x00B1F7814E66FD1490875582DD6EDACF5006E60871F8654F11E093AA2D288941,2007-10-04,665,true
0x00B1F7814E66FD1490875582DD6EDACF5006E60871F8654F11E093AA2D288941,2007-10-04,675,true
0x00B1F7814E66FD1490875582DD6EDACF5006E60871F8654F11E093AA2D288941,2007-10-04,685,true
0x00B1F7814E66FD1490875582DD6EDACF5006E60871F8654F11E093AA2D288941,2007-10-04,695,false
0x35460F02F5D3BF9C76731113E211E6C900868561218E5EDE15F3F5A52C3C2143,2013-09-12,801,false
0x35460F02F5D3BF9C76731113E211E6C900868561218E5EDE15F3F5A52C3C2143,2013-09-12,811,true
0x35460F02F5D3BF9C76731113E211E6C900868561218E5EDE15F3F5A52C3C2143,2013-09-12,821,true
0x35460F02F5D3BF9C76731113E211E6C900868561218E5EDE15F3F5A52C3C2143,2013-09-12,831,false
0x35460F02F5D3BF9C76731113E211E6C900868561218E5EDE15F3F5A52C3C2143,2013-09-12,841,false
0x35460F02F5D3BF9C76731113E211E6C900868561218E5EDE15F3F5A52C3C2143,2013-09-12,851,true
0x35460F02F5D3BF9C76731113E211E6C900868561218E5EDE15F3F5A52C3C2143,2013-09-12,861,true
0x35460F02F5D3BF9C76731113E211E6C900868561218E5EDE15F3F5A52C3C2143,2013-09-12,871,false
0x35460F02F5D3BF9C76731113E211E6C900868561218E5EDE15F3F5A52C3C2143,2013-09-12,881,false
0x35460F02F5D3BF9C76731113E211E6C900868561218E5EDE15F3F5A52C3C2143,2013-09-12,891,false
0xAF918A41B6C8CE4B4E44EC163BAF9DBCFD7923D7911CA6FDF3EB74B3CE31BCE9,2019-04-14,708,true
0xAF918A41B6C8CE4B4E44EC163BAF9DBCFD7923D7911CA6FDF3EB74B3CE31BCE9,2019-04-14,718,true
0xAF918A41B6C8CE4B4E44EC163BAF9DBCFD7923D7911CA6FDF3EB74B3CE31BCE9,2019-04-14,728,false
0xAF918A41B6C8CE4B4E44EC163BAF9DBCFD7923D7911CA6FDF3EB74B3CE31BCE9,2019-04-14,738,false
0xAF918A41B6C8CE4B4E44EC163BAF9DBCFD7923D7911CA6FDF3EB74B3CE31BCE9,2019-04-14,758,true
0xAF918A41B6C8CE4B4E44EC163BAF9DBCFD7923D7911CA6FDF3EB74B3CE31BCE9,2019-04-14,768,true
0xAF918A41B6C8CE4B4E44EC163BAF9DBCFD7923D7911CA6FDF3EB74B3CE31BCE9,2019-04-14,778,true
0xAF918A41B6C8CE4B4E44EC163BAF9DBCFD7923D7911CA6FDF3EB74B3CE31BCE9,2019-04-14,788,false
0xAF918A41B6C8CE4B4E44EC163BAF9DBCFD7923D7911CA6FDF3EB74B3CE31BCE9,2019-04-14,798,true
0x00ACB603E070D1ED9118AFEC56D89259E1F235206D6514E6BCF9A3B4110B7CF0,2017-06-23,950,true
0x00ACB603E070D1ED9118AFEC56D89259E1F235206D6514E6BCF9A3B4110B7CF0,2017-06-23,960,false
0x00ACB603E070D1ED9118AFEC56D89259E1F235206D6514E6BCF9A3B4110B7CF0,2017-06-23,970,false
0x00ACB603E070D1ED9118AFEC56D89259E1F235206D6514E6BCF9A3B4110B7CF0,2017-06-23,980,true
0x00ACB603E070D1ED9118AFEC56D89259E1F235206D6514E6BCF9A3B4110B7CF0,2017-06-23,990,true
0x00ACB603E070D1ED9118AFEC56D89259E1F235206D6514E6BCF9A3B4110B7CF0,2017-07-23,900,true
0x00ACB603E070D1ED9118AFEC56D89259E1F235206D6514E6BCF9A3B4110B7CF0,2017-07-23,910,false
0x00ACB603E070D1ED9118AFEC56D89259E1F235206D6514E6BCF9A3B4110B7CF0,2017-07-23,920,false
0x00ACB603E070D1ED9118AFEC56D89259E1F235206D6514E6BCF9A3B4110B7CF0,2017-07-23,930,false
0x00ACB603E070D1ED9118AFEC56D89259E1F235206D6514E6BCF9A3B4110B7CF0,2017-07-23,940,true
0xB31F0752F425226E63738C33820CAE6F96D8028DB42B6B10F50B9CE41BAE055C,2023-03-11,51,true
0xB31F0752F425226E63738C33820CAE6F96D8028DB42B6B10F50B9CE41BAE055C,2023-03-11,60,true
0xB31F0752F425226E63738C33820CAE6F96D8028DB42B6B10F50B9CE41BAE055C,2023-03-11,77,false
0xB31F0752F425226E63738C33820CAE6F96D8028DB42B6B10F50B9CE41BAE055C,2023-03-11,87,false
0xB31F0752F425226E63738C33820CAE6F96D8028DB42B6B10F50B9CE41BAE055C,2023-03-11,98,true
0xB31F0752F425226E63738C33820CAE6F96D8028DB42B6B10F50B9CE41BAE055C,2023-11-11,2,true
0xB31F0752F425226E63738C33820CAE6F96D8028DB42B6B10F50B9CE41BAE055C,2023-11-11,13,true
0xB31F0752F425226E63738C33820CAE6F96D8028DB42B6B10F50B9CE41BAE055C,2023-11-11,22,false
0xB31F0752F425226E63738C33820CAE6F96D8028DB42B6B10F50B9CE41BAE055C,2023-11-11,35,false
0xB31F0752F425226E63738C33820CAE6F96D8028DB42B6B10F50B9CE41BAE055C,2023-11-11,41,true
0xB31F0752F425226E63738C33820CAE6F96D8028DB42B6B10F50B9CE41BAE055C,2023-11-11,51,true
